,Time,Time(s),Temp(K),Wavelength,QWP_Pos
0,2017-05-06 11:44:23,0,21.964000701904297,1051.5,0
1,2017-05-06 11:44:29,6,21.96299934387207,1051.5,0
2,2017-05-06 11:44:35,12,21.964000701904297,1051.5,0
3,2017-05-06 11:44:40,17,21.96500015258789,1051.5,0
4,2017-05-06 11:44:46,23,21.96500015258789,1051.5,0
5,2017-05-06 11:44:51,28,21.965999603271484,1051.5,0
6,2017-05-06 11:44:56,33,21.966999053955078,1051.5,0
7,2017-05-06 11:45:02,39,21.965999603271484,1051.5,0
8,2017-05-06 11:45:07,44,21.965999603271484,1051.5,0
9,2017-05-06 11:45:13,50,21.966999053955078,1051.5,0
10,2017-05-06 11:45:18,55,21.965999603271484,1051.5,0
11,2017-05-06 11:45:24,61,21.96500015258789,1051.5,0
12,2017-05-06 11:45:30,67,21.96299934387207,1051.5,0
13,2017-05-06 11:45:36,73,21.96299934387207,1051.5,0
14,2017-05-06 11:45:42,79,21.96199989318848,1051.5,0
15,2017-05-06 11:45:48,85,21.96299934387207,1051.5,0
16,2017-05-06 11:45:53,90,21.964000701904297,1051.5,0
17,2017-05-06 11:45:59,96,21.96299934387207,1051.5,0
18,2017-05-06 11:46:04,101,21.96199989318848,1051.5,0
19,2017-05-06 11:46:10,107,21.96299934387207,1051.5,0
20,2017-05-06 11:46:16,113,21.96299934387207,1051.5,0
21,2017-05-06 11:46:22,119,21.96299934387207,1051.5,0
22,2017-05-06 11:46:27,124,21.96299934387207,1051.5,0
23,2017-05-06 11:46:32,129,21.96299934387207,1051.5,0
24,2017-05-06 11:46:38,135,21.96299934387207,1051.5,0
25,2017-05-06 11:46:44,141,21.96299934387207,1051.5,0
26,2017-05-06 11:46:50,147,21.96299934387207,1051.5,0
27,2017-05-06 11:46:56,153,21.96199989318848,1051.5,0
28,2017-05-06 11:47:01,158,21.96299934387207,1051.5,0
29,2017-05-06 11:47:07,164,21.964000701904297,1051.5,0
30,2017-05-06 11:47:13,170,21.96299934387207,1051.5,0
31,2017-05-06 11:47:18,175,21.96299934387207,1051.5,0
32,2017-05-06 11:47:23,180,21.96500015258789,1051.5,0
33,2017-05-06 11:47:28,185,21.96299934387207,1051.5,0
34,2017-05-06 11:47:33,190,21.964000701904297,1051.5,0
35,2017-05-06 11:47:39,196,21.965999603271484,1051.5,0
36,2017-05-06 11:47:44,201,21.965999603271484,1051.5,0
37,2017-05-06 11:47:50,207,21.966999053955078,1051.5,0
38,2017-05-06 11:47:56,213,21.968000411987305,1051.5,0
39,2017-05-06 11:48:02,219,21.968000411987305,1051.5,0
40,2017-05-06 11:48:08,225,21.968000411987305,1051.5,0
41,2017-05-06 11:48:14,231,21.9689998626709,1051.5,0
42,2017-05-06 11:48:20,237,21.96999931335449,1051.5,0
43,2017-05-06 11:48:25,242,21.96999931335449,1051.5,0
44,2017-05-06 11:48:31,248,21.97100067138672,1051.5,0
45,2017-05-06 11:48:37,254,21.96999931335449,1051.5,0
46,2017-05-06 11:48:43,260,21.97100067138672,1051.5,0
47,2017-05-06 11:48:49,266,21.972000122070312,1051.5,0
48,2017-05-06 11:48:54,271,21.972000122070312,1051.5,0
49,2017-05-06 11:48:59,276,21.974000930786133,1051.5,0
50,2017-05-06 11:49:04,281,21.974000930786133,1051.5,0
51,2017-05-06 11:49:10,287,21.972999572753906,1051.5,0
52,2017-05-06 11:49:16,293,21.972999572753906,1051.5,0
53,2017-05-06 11:49:22,299,21.975000381469727,1051.5,0
54,2017-05-06 11:49:27,304,21.975000381469727,1051.5,0
55,2017-05-06 11:49:33,310,21.975000381469727,1051.5,0
56,2017-05-06 11:49:38,315,21.975000381469727,1051.5,0
57,2017-05-06 11:49:44,321,21.97599983215332,1051.5,0
58,2017-05-06 11:49:50,327,21.976999282836914,1051.5,0
59,2017-05-06 11:49:55,332,21.976999282836914,1051.5,0
60,2017-05-06 11:50:01,338,21.97599983215332,1051.5,0
61,2017-05-06 11:50:06,343,21.976999282836914,1051.5,0
62,2017-05-06 11:50:12,349,21.976999282836914,1051.5,0
63,2017-05-06 11:50:17,354,21.976999282836914,1051.5,0
64,2017-05-06 11:50:23,360,21.979999542236328,1051.5,0
65,2017-05-06 11:50:28,365,21.979999542236328,1051.5,0
66,2017-05-06 11:50:34,371,21.979999542236328,1051.5,0
67,2017-05-06 11:50:40,377,21.979999542236328,1051.5,0
68,2017-05-06 11:50:46,383,21.981000900268555,1051.5,0
69,2017-05-06 11:50:51,388,21.981000900268555,1051.5,0
70,2017-05-06 11:50:57,394,21.98200035095215,1051.5,0
71,2017-05-06 11:51:02,399,21.98200035095215,1051.5,0
72,2017-05-06 11:51:07,404,21.981000900268555,1051.5,0
73,2017-05-06 11:51:13,410,21.982999801635746,1051.5,0
74,2017-05-06 11:51:19,416,21.982999801635746,1051.5,0
75,2017-05-06 11:51:25,422,21.982999801635746,1051.5,0
76,2017-05-06 11:51:31,428,21.982999801635746,1051.5,0
77,2017-05-06 11:51:37,434,21.982999801635746,1051.5,0
78,2017-05-06 11:51:43,440,21.982999801635746,1051.5,0
79,2017-05-06 11:51:49,446,21.98200035095215,1051.5,0
80,2017-05-06 11:51:55,452,21.983999252319336,1051.5,0
81,2017-05-06 11:52:01,458,21.98500061035156,1051.5,0
82,2017-05-06 11:52:07,464,21.98500061035156,1051.5,0
83,2017-05-06 11:52:13,470,21.98699951171875,1051.5,0
84,2017-05-06 11:52:19,476,21.988000869750977,1051.5,0
85,2017-05-06 11:52:24,481,21.98699951171875,1051.5,0
86,2017-05-06 11:52:29,486,21.98900032043457,1051.5,0
87,2017-05-06 11:52:34,491,21.98900032043457,1051.5,0
88,2017-05-06 11:52:39,496,21.98900032043457,1051.5,0
89,2017-05-06 11:52:44,501,21.99099922180176,1051.5,0
90,2017-05-06 11:52:49,506,21.99099922180176,1051.5,0
91,2017-05-06 11:52:54,511,21.993000030517575,1051.5,0
92,2017-05-06 11:52:59,516,21.992000579833984,1051.5,0
93,2017-05-06 11:53:04,521,21.992000579833984,1051.5,0
94,2017-05-06 11:53:09,526,21.993000030517575,1051.5,0
95,2017-05-06 11:53:14,531,21.99399948120117,1051.5,0
96,2017-05-06 11:53:19,536,21.99399948120117,1051.5,0
97,2017-05-06 11:53:25,542,21.9950008392334,1051.5,0
98,2017-05-06 11:53:31,548,21.996000289916992,1051.5,0
99,2017-05-06 11:53:36,553,21.9950008392334,1051.5,0
100,2017-05-06 11:53:42,559,21.99799919128418,1051.5,0
101,2017-05-06 11:53:47,564,21.999000549316406,1051.5,0
102,2017-05-06 11:53:52,569,22.0,1051.5,0
103,2017-05-06 11:53:58,575,22.0,1051.5,0
104,2017-05-06 11:54:04,581,21.999000549316406,1051.5,0
105,2017-05-06 11:54:09,586,22.0,1051.5,0
106,2017-05-06 11:54:14,591,22.0,1051.5,0
107,2017-05-06 11:54:19,596,22.000999450683594,1051.5,0
108,2017-05-06 11:54:24,601,22.000999450683594,1051.5,0
109,2017-05-06 11:54:29,606,22.00200080871582,1051.5,0
110,2017-05-06 11:54:34,611,22.00200080871582,1051.5,0
111,2017-05-06 11:54:39,616,22.003000259399414,1051.5,0
112,2017-05-06 11:54:44,621,22.003999710083008,1051.5,0
113,2017-05-06 11:54:49,626,22.003999710083008,1051.5,0
114,2017-05-06 11:54:54,631,22.003999710083008,1051.5,0
115,2017-05-06 11:54:59,636,22.0049991607666,1051.5,0
116,2017-05-06 11:55:04,641,22.0049991607666,1051.5,0
117,2017-05-06 11:55:09,646,22.0049991607666,1051.5,0
118,2017-05-06 11:55:15,652,22.006000518798828,1051.5,0
119,2017-05-06 11:55:20,657,22.0049991607666,1051.5,0
120,2017-05-06 11:55:25,662,22.006999969482425,1051.5,0
121,2017-05-06 11:55:31,668,22.006999969482425,1051.5,0
122,2017-05-06 11:55:36,673,22.007999420166016,1051.5,0
123,2017-05-06 11:55:41,678,22.006999969482425,1051.5,0
124,2017-05-06 11:55:47,684,22.00900077819824,1051.5,0
125,2017-05-06 11:55:53,690,22.00900077819824,1051.5,0
126,2017-05-06 11:55:59,696,22.00900077819824,1051.5,0
127,2017-05-06 11:56:05,702,22.01099967956543,1051.5,0
128,2017-05-06 11:56:11,708,22.01099967956543,1051.5,0
129,2017-05-06 11:56:17,714,22.01099967956543,1051.5,0
130,2017-05-06 11:56:22,719,22.011999130249023,1051.5,0
131,2017-05-06 11:56:28,725,22.01300048828125,1051.5,0
132,2017-05-06 11:56:33,730,22.01300048828125,1051.5,0
133,2017-05-06 11:56:38,735,22.01300048828125,1051.5,0
134,2017-05-06 11:56:43,740,22.013999938964844,1051.5,0
135,2017-05-06 11:56:49,746,22.013999938964844,1051.5,0
136,2017-05-06 11:56:54,751,22.01499938964844,1051.5,0
137,2017-05-06 11:57:00,757,22.016000747680664,1051.5,0
138,2017-05-06 11:57:05,762,22.016000747680664,1051.5,0
139,2017-05-06 11:57:11,768,22.017000198364254,1051.5,0
140,2017-05-06 11:57:16,773,22.016000747680664,1051.5,0
141,2017-05-06 11:57:22,779,22.016000747680664,1051.5,0
142,2017-05-06 11:57:28,785,22.017000198364254,1051.5,0
143,2017-05-06 11:57:33,790,22.018999099731445,1051.5,0
144,2017-05-06 11:57:39,796,22.018999099731445,1051.5,0
145,2017-05-06 11:57:45,802,22.020000457763672,1051.5,0
146,2017-05-06 11:57:50,807,22.020000457763672,1051.5,0
147,2017-05-06 11:57:56,813,22.020000457763672,1051.5,0
148,2017-05-06 11:58:02,819,22.020000457763672,1051.5,0
149,2017-05-06 11:58:07,824,22.020999908447266,1051.5,0
150,2017-05-06 11:58:13,830,22.02199935913086,1051.5,0
151,2017-05-06 11:58:18,835,22.02199935913086,1051.5,0
152,2017-05-06 11:58:24,841,22.023000717163086,1051.5,0
153,2017-05-06 11:58:29,846,22.023000717163086,1051.5,0
154,2017-05-06 11:58:34,851,22.02400016784668,1051.5,0
155,2017-05-06 11:58:39,856,22.02400016784668,1051.5,0
156,2017-05-06 11:58:44,861,22.02400016784668,1051.5,0
157,2017-05-06 11:58:49,866,22.024999618530273,1051.5,0
158,2017-05-06 11:58:55,872,22.02400016784668,1051.5,0
159,2017-05-06 11:59:01,878,22.02400016784668,1051.5,0
160,2017-05-06 11:59:06,883,22.02400016784668,1051.5,0
161,2017-05-06 11:59:12,889,22.024999618530273,1051.5,0
162,2017-05-06 11:59:18,895,22.024999618530273,1051.5,0
163,2017-05-06 11:59:23,900,22.025999069213867,1051.5,0
164,2017-05-06 11:59:28,905,22.025999069213867,1051.5,0
165,2017-05-06 11:59:34,911,22.027999877929688,1051.5,0
166,2017-05-06 11:59:40,917,22.02899932861328,1051.5,0
167,2017-05-06 11:59:45,922,22.02899932861328,1051.5,0
168,2017-05-06 11:59:51,928,22.02899932861328,1051.5,0
169,2017-05-06 11:59:57,934,22.027999877929688,1051.5,0
170,2017-05-06 12:00:02,939,22.030000686645508,1051.5,0
171,2017-05-06 12:00:08,945,22.0310001373291,1051.5,0
172,2017-05-06 12:00:13,950,22.030000686645508,1051.5,0
173,2017-05-06 12:00:19,956,22.0310001373291,1051.5,0
174,2017-05-06 12:00:25,962,22.03199958801269,1051.5,0
175,2017-05-06 12:00:30,967,22.033000946044922,1051.5,0
176,2017-05-06 12:00:35,972,22.033000946044922,1051.5,0
177,2017-05-06 12:00:41,978,22.033000946044922,1051.5,0
178,2017-05-06 12:00:46,983,22.033000946044922,1051.5,0
179,2017-05-06 12:00:51,988,22.035999298095703,1051.5,0
180,2017-05-06 12:00:57,994,22.03700065612793,1051.5,0
181,2017-05-06 12:01:02,999,22.038000106811523,1051.5,0
182,2017-05-06 12:01:07,1004,22.03700065612793,1051.5,0
183,2017-05-06 12:01:13,1010,22.03700065612793,1051.5,0
184,2017-05-06 12:01:18,1015,22.038000106811523,1051.5,0
185,2017-05-06 12:01:24,1021,22.038000106811523,1051.5,0
186,2017-05-06 12:01:30,1027,22.03899955749512,1051.5,0
187,2017-05-06 12:01:35,1032,22.040000915527344,1051.5,0
188,2017-05-06 12:01:41,1038,22.040000915527344,1051.5,0
189,2017-05-06 12:01:46,1043,22.041000366210934,1051.5,0
190,2017-05-06 12:01:52,1049,22.041000366210934,1051.5,0
191,2017-05-06 12:01:57,1054,22.04199981689453,1051.5,0
192,2017-05-06 12:02:03,1060,22.041000366210934,1051.5,0
193,2017-05-06 12:02:08,1065,22.042999267578125,1051.5,0
194,2017-05-06 12:02:13,1070,22.041000366210934,1051.5,0
195,2017-05-06 12:02:18,1075,22.04400062561035,1051.5,0
196,2017-05-06 12:02:24,1081,22.042999267578125,1051.5,0
197,2017-05-06 12:02:29,1086,22.04400062561035,1051.5,0
198,2017-05-06 12:02:34,1091,22.04199981689453,1051.5,0
199,2017-05-06 12:02:40,1097,22.042999267578125,1051.5,0
200,2017-05-06 12:02:45,1102,22.04400062561035,1051.5,0
201,2017-05-06 12:02:51,1108,22.042999267578125,1051.5,0
202,2017-05-06 12:02:57,1114,22.045000076293945,1051.5,0
203,2017-05-06 12:03:02,1119,22.04599952697754,1051.5,0
204,2017-05-06 12:03:07,1124,22.047000885009766,1051.5,0
205,2017-05-06 12:03:13,1130,22.047000885009766,1051.5,0
206,2017-05-06 12:03:19,1136,22.047000885009766,1051.5,0
207,2017-05-06 12:03:25,1142,22.04599952697754,1051.5,0
208,2017-05-06 12:03:30,1147,22.047000885009766,1051.5,0
209,2017-05-06 12:03:36,1153,22.04800033569336,1051.5,0
210,2017-05-06 12:03:42,1159,22.048999786376953,1051.5,0
211,2017-05-06 12:03:47,1164,22.048999786376953,1051.5,0
212,2017-05-06 12:03:53,1170,22.051000595092773,1051.5,0
213,2017-05-06 12:03:58,1175,22.048999786376953,1051.5,0
214,2017-05-06 12:04:03,1180,22.048999786376953,1051.5,0
215,2017-05-06 12:04:08,1185,22.049999237060547,1051.5,0
216,2017-05-06 12:04:14,1191,22.049999237060547,1051.5,0
217,2017-05-06 12:04:19,1196,22.048999786376953,1051.5,0
218,2017-05-06 12:04:25,1202,22.049999237060547,1051.5,0
219,2017-05-06 12:04:30,1207,22.049999237060547,1051.5,0
220,2017-05-06 12:04:36,1213,22.051000595092773,1051.5,0
221,2017-05-06 12:04:41,1218,22.051000595092773,1051.5,0
222,2017-05-06 12:04:46,1223,22.052000045776367,1051.5,0
223,2017-05-06 12:04:51,1228,22.05299949645996,1051.5,0
224,2017-05-06 12:04:57,1234,22.05500030517578,1051.5,0
225,2017-05-06 12:05:02,1239,22.05500030517578,1051.5,0
226,2017-05-06 12:05:07,1244,22.05599975585937,1051.5,0
227,2017-05-06 12:05:12,1249,22.05699920654297,1051.5,0
228,2017-05-06 12:05:18,1255,22.05699920654297,1051.5,0
229,2017-05-06 12:05:24,1261,22.058000564575195,1051.5,0
230,2017-05-06 12:05:30,1267,22.059999465942386,1051.5,0
231,2017-05-06 12:05:36,1273,22.062000274658203,1051.5,0
232,2017-05-06 12:05:42,1279,22.06100082397461,1051.5,0
233,2017-05-06 12:05:48,1285,22.06100082397461,1051.5,0
234,2017-05-06 12:05:53,1290,22.062000274658203,1051.5,0
235,2017-05-06 12:05:58,1295,22.0629997253418,1051.5,0
236,2017-05-06 12:06:03,1300,22.0629997253418,1051.5,0
237,2017-05-06 12:06:08,1305,22.0629997253418,1051.5,0
238,2017-05-06 12:06:13,1310,22.0629997253418,1051.5,0
239,2017-05-06 12:06:19,1316,22.065000534057614,1051.5,0
240,2017-05-06 12:06:25,1322,22.06399917602539,1051.5,0
241,2017-05-06 12:06:31,1328,22.065000534057614,1051.5,0
242,2017-05-06 12:06:37,1334,22.06599998474121,1051.5,0
243,2017-05-06 12:06:42,1339,22.06599998474121,1051.5,0
244,2017-05-06 12:06:47,1344,22.06599998474121,1051.5,0
245,2017-05-06 12:06:52,1349,22.06599998474121,1051.5,0
246,2017-05-06 12:06:58,1355,22.066999435424805,1051.5,0
247,2017-05-06 12:07:03,1360,22.069000244140625,1051.5,0
248,2017-05-06 12:07:09,1366,22.069000244140625,1051.5,0
249,2017-05-06 12:07:15,1372,22.06999969482422,1051.5,0
250,2017-05-06 12:07:21,1378,22.07099914550781,1051.5,0
251,2017-05-06 12:07:26,1383,22.07099914550781,1051.5,0
252,2017-05-06 12:07:32,1389,22.072999954223636,1051.5,0
253,2017-05-06 12:07:38,1395,22.073999404907227,1051.5,0
254,2017-05-06 12:07:43,1400,22.073999404907227,1051.5,0
255,2017-05-06 12:07:48,1405,22.073999404907227,1051.5,0
256,2017-05-06 12:07:53,1410,22.073999404907227,1051.5,0
257,2017-05-06 12:07:58,1415,22.075000762939453,1051.5,0
258,2017-05-06 12:08:04,1421,22.07699966430664,1051.5,0
259,2017-05-06 12:08:10,1427,22.076000213623047,1051.5,0
260,2017-05-06 12:08:16,1433,22.077999114990234,1051.5,0
261,2017-05-06 12:08:22,1439,22.07699966430664,1051.5,0
262,2017-05-06 12:08:28,1445,22.07900047302246,1051.5,0
263,2017-05-06 12:08:34,1451,22.077999114990234,1051.5,0
264,2017-05-06 12:08:40,1457,22.07999992370605,1051.5,0
265,2017-05-06 12:08:45,1462,22.07900047302246,1051.5,0
266,2017-05-06 12:08:51,1468,22.07999992370605,1051.5,0
267,2017-05-06 12:08:57,1474,22.07900047302246,1051.5,0
268,2017-05-06 12:09:02,1479,22.07900047302246,1051.5,0
269,2017-05-06 12:09:07,1484,22.07900047302246,1051.5,0
270,2017-05-06 12:09:13,1490,22.07999992370605,1051.5,0
271,2017-05-06 12:09:19,1496,22.082000732421875,1051.5,0
272,2017-05-06 12:09:24,1501,22.082000732421875,1051.5,0
273,2017-05-06 12:09:30,1507,22.08099937438965,1051.5,0
274,2017-05-06 12:09:35,1512,22.082000732421875,1051.5,0
275,2017-05-06 12:09:40,1517,22.08300018310547,1051.5,0
276,2017-05-06 12:09:46,1523,22.083999633789066,1051.5,0
277,2017-05-06 12:09:52,1529,22.083999633789066,1051.5,0
278,2017-05-06 12:09:57,1534,22.084999084472656,1051.5,0
279,2017-05-06 12:10:02,1539,22.084999084472656,1051.5,0
280,2017-05-06 12:10:07,1544,22.086000442504886,1051.5,0
281,2017-05-06 12:10:13,1550,22.083999633789066,1051.5,0
282,2017-05-06 12:10:18,1555,22.086000442504886,1051.5,0
283,2017-05-06 12:10:23,1560,22.086000442504886,1051.5,0
284,2017-05-06 12:10:29,1566,22.08699989318848,1051.5,0
285,2017-05-06 12:10:35,1572,22.08699989318848,1051.5,0
286,2017-05-06 12:10:41,1578,22.08799934387207,1051.5,0
287,2017-05-06 12:10:46,1583,22.08799934387207,1051.5,0
288,2017-05-06 12:10:51,1588,22.08799934387207,1051.5,0
289,2017-05-06 12:10:57,1594,22.089000701904297,1051.5,0
290,2017-05-06 12:11:02,1599,22.08799934387207,1051.5,0
291,2017-05-06 12:11:08,1605,22.089000701904297,1051.5,0
292,2017-05-06 12:11:13,1610,22.089000701904297,1051.5,0
293,2017-05-06 12:11:19,1616,22.08799934387207,1051.5,0
294,2017-05-06 12:11:25,1622,22.089000701904297,1051.5,0
295,2017-05-06 12:11:31,1628,22.08799934387207,1051.5,0
296,2017-05-06 12:11:36,1633,22.08699989318848,1051.5,0
297,2017-05-06 12:11:41,1638,22.08699989318848,1051.5,0
298,2017-05-06 12:11:46,1643,22.089000701904297,1051.5,0
299,2017-05-06 12:11:52,1649,22.09000015258789,1051.5,0
300,2017-05-06 12:11:58,1655,22.090999603271484,1051.5,0
301,2017-05-06 12:12:03,1660,22.090999603271484,1051.5,0
302,2017-05-06 12:12:08,1665,22.093000411987305,1051.5,0
303,2017-05-06 12:12:13,1670,22.091999053955078,1051.5,0
304,2017-05-06 12:12:18,1675,22.093000411987305,1051.5,0
305,2017-05-06 12:12:23,1680,22.093000411987305,1051.5,0
306,2017-05-06 12:12:29,1686,22.091999053955078,1051.5,0
307,2017-05-06 12:12:35,1692,22.093000411987305,1051.5,0
308,2017-05-06 12:12:41,1698,22.093000411987305,1051.5,0
309,2017-05-06 12:12:46,1703,22.0939998626709,1051.5,0
310,2017-05-06 12:12:51,1708,22.0939998626709,1051.5,0
311,2017-05-06 12:12:57,1714,22.09499931335449,1051.5,0
312,2017-05-06 12:13:03,1720,22.09499931335449,1051.5,0
313,2017-05-06 12:13:08,1725,22.09600067138672,1051.5,0
314,2017-05-06 12:13:14,1731,22.09499931335449,1051.5,0
315,2017-05-06 12:13:20,1737,22.09499931335449,1051.5,0
316,2017-05-06 12:13:26,1743,22.09499931335449,1051.5,0
317,2017-05-06 12:13:32,1749,22.097999572753906,1051.5,0
318,2017-05-06 12:13:37,1754,22.09600067138672,1051.5,0
319,2017-05-06 12:13:42,1759,22.09600067138672,1051.5,0
320,2017-05-06 12:13:47,1764,22.097999572753906,1051.5,0
321,2017-05-06 12:13:53,1770,22.097000122070312,1051.5,0
322,2017-05-06 12:13:59,1776,22.099000930786133,1051.5,0
323,2017-05-06 12:14:05,1782,22.100000381469727,1051.5,0
324,2017-05-06 12:14:10,1787,22.10099983215332,1051.5,0
325,2017-05-06 12:14:16,1793,22.10099983215332,1051.5,0
326,2017-05-06 12:14:21,1798,22.100000381469727,1051.5,0
327,2017-05-06 12:14:26,1803,22.10300064086914,1051.5,0
328,2017-05-06 12:14:32,1809,22.104000091552734,1051.5,0
329,2017-05-06 12:14:38,1815,22.104999542236328,1051.5,0
330,2017-05-06 12:14:44,1821,22.104999542236328,1051.5,0
331,2017-05-06 12:14:49,1826,22.106000900268555,1051.5,0
332,2017-05-06 12:14:55,1832,22.10700035095215,1051.5,0
333,2017-05-06 12:15:01,1838,22.106000900268555,1051.5,0
334,2017-05-06 12:15:07,1844,22.10700035095215,1051.5,0
335,2017-05-06 12:15:12,1849,22.104999542236328,1051.5,0
336,2017-05-06 12:15:18,1855,22.106000900268555,1051.5,0
337,2017-05-06 12:15:23,1860,22.104999542236328,1051.5,0
338,2017-05-06 12:15:28,1865,22.10700035095215,1051.5,0
339,2017-05-06 12:15:34,1871,22.10700035095215,1051.5,0
340,2017-05-06 12:15:39,1876,22.108999252319336,1051.5,0
341,2017-05-06 12:15:45,1882,22.107999801635746,1051.5,0
342,2017-05-06 12:15:51,1888,22.108999252319336,1051.5,0
343,2017-05-06 12:15:56,1893,22.11000061035156,1051.5,0
344,2017-05-06 12:16:02,1899,22.108999252319336,1051.5,0
345,2017-05-06 12:16:08,1905,22.11000061035156,1051.5,0
346,2017-05-06 12:16:13,1910,22.11000061035156,1051.5,0
347,2017-05-06 12:16:18,1915,22.11100006103516,1051.5,0
348,2017-05-06 12:16:23,1920,22.11100006103516,1051.5,0
349,2017-05-06 12:16:29,1926,22.11199951171875,1051.5,0
350,2017-05-06 12:16:35,1932,22.11199951171875,1051.5,0
351,2017-05-06 12:16:40,1937,22.11100006103516,1051.5,0
352,2017-05-06 12:16:46,1943,22.11199951171875,1051.5,0
353,2017-05-06 12:16:51,1948,22.11199951171875,1051.5,0
354,2017-05-06 12:16:56,1953,22.11400032043457,1051.5,0
355,2017-05-06 12:17:02,1959,22.114999771118164,1051.5,0
356,2017-05-06 12:17:07,1964,22.11599922180176,1051.5,0
357,2017-05-06 12:17:12,1969,22.11400032043457,1051.5,0
358,2017-05-06 12:17:18,1975,22.11599922180176,1051.5,0
359,2017-05-06 12:17:23,1980,22.11599922180176,1051.5,0
360,2017-05-06 12:17:28,1985,22.117000579833984,1051.5,0
361,2017-05-06 12:17:33,1990,22.118000030517575,1051.5,0
362,2017-05-06 12:17:39,1996,22.11899948120117,1051.5,0
363,2017-05-06 12:17:45,2002,22.118000030517575,1051.5,0
364,2017-05-06 12:17:50,2007,22.11899948120117,1051.5,0
365,2017-05-06 12:17:56,2013,22.1200008392334,1051.5,0
366,2017-05-06 12:18:02,2019,22.121000289916992,1051.5,0
367,2017-05-06 12:18:08,2025,22.121999740600586,1051.5,0
368,2017-05-06 12:18:13,2030,22.12299919128418,1051.5,0
369,2017-05-06 12:18:18,2035,22.124000549316406,1051.5,0
370,2017-05-06 12:18:24,2041,22.124000549316406,1051.5,0
371,2017-05-06 12:18:29,2046,22.125,1051.5,0
372,2017-05-06 12:18:35,2052,22.125,1051.5,0
373,2017-05-06 12:18:41,2058,22.12700080871582,1051.5,0
374,2017-05-06 12:18:46,2063,22.125999450683594,1051.5,0
375,2017-05-06 12:18:51,2068,22.128000259399414,1051.5,0
376,2017-05-06 12:18:56,2073,22.128000259399414,1051.5,0
377,2017-05-06 12:19:02,2079,22.12700080871582,1051.5,0
378,2017-05-06 12:19:07,2084,22.12700080871582,1051.5,0
379,2017-05-06 12:19:12,2089,22.128000259399414,1051.5,0
380,2017-05-06 12:19:17,2094,22.128000259399414,1051.5,0
381,2017-05-06 12:19:23,2100,22.128000259399414,1051.5,0
382,2017-05-06 12:19:28,2105,22.12700080871582,1051.5,0
383,2017-05-06 12:19:33,2110,22.128000259399414,1051.5,0
384,2017-05-06 12:19:39,2116,22.128000259399414,1051.5,0
385,2017-05-06 12:19:44,2121,22.128999710083008,1051.5,0
386,2017-05-06 12:19:50,2127,22.128999710083008,1051.5,0
387,2017-05-06 12:19:56,2133,22.128999710083008,1051.5,0
388,2017-05-06 12:20:01,2138,22.1299991607666,1051.5,0
389,2017-05-06 12:20:07,2144,22.128999710083008,1051.5,0
390,2017-05-06 12:20:13,2150,22.128999710083008,1051.5,0
391,2017-05-06 12:20:19,2156,22.131000518798828,1051.5,0
392,2017-05-06 12:20:25,2162,22.131000518798828,1051.5,0
393,2017-05-06 12:20:30,2167,22.1299991607666,1051.5,0
394,2017-05-06 12:20:36,2173,22.131000518798828,1051.5,0
395,2017-05-06 12:20:42,2179,22.131000518798828,1051.5,0
396,2017-05-06 12:20:47,2184,22.131000518798828,1051.5,0
397,2017-05-06 12:20:52,2189,22.131000518798828,1051.5,0
398,2017-05-06 12:20:58,2195,22.131000518798828,1051.5,0
399,2017-05-06 12:21:03,2200,22.131000518798828,1051.5,0
400,2017-05-06 12:21:08,2205,22.131999969482425,1051.5,0
401,2017-05-06 12:21:13,2210,22.131999969482425,1051.5,0
402,2017-05-06 12:21:19,2216,22.132999420166016,1051.5,0
403,2017-05-06 12:21:25,2222,22.132999420166016,1051.5,0
404,2017-05-06 12:21:31,2228,22.13400077819824,1051.5,0
405,2017-05-06 12:21:36,2233,22.13500022888184,1051.5,0
406,2017-05-06 12:21:41,2238,22.13500022888184,1051.5,0
407,2017-05-06 12:21:47,2244,22.13599967956543,1051.5,0
408,2017-05-06 12:21:52,2249,22.136999130249023,1051.5,0
409,2017-05-06 12:21:57,2254,22.136999130249023,1051.5,0
410,2017-05-06 12:22:02,2259,22.13800048828125,1051.5,0
411,2017-05-06 12:22:08,2265,22.138999938964844,1051.5,0
412,2017-05-06 12:22:13,2270,22.138999938964844,1051.5,0
413,2017-05-06 12:22:19,2276,22.138999938964844,1051.5,0
414,2017-05-06 12:22:24,2281,22.13999938964844,1051.5,0
415,2017-05-06 12:22:29,2286,22.141000747680664,1051.5,0
416,2017-05-06 12:22:34,2291,22.13999938964844,1051.5,0
417,2017-05-06 12:22:39,2296,22.142000198364254,1051.5,0
418,2017-05-06 12:22:44,2301,22.14299964904785,1051.5,0
419,2017-05-06 12:22:50,2307,22.14299964904785,1051.5,0
420,2017-05-06 12:22:55,2312,22.14299964904785,1051.5,0
421,2017-05-06 12:23:01,2318,22.143999099731445,1051.5,0
422,2017-05-06 12:23:06,2323,22.143999099731445,1051.5,0
423,2017-05-06 12:23:12,2329,22.143999099731445,1051.5,0
424,2017-05-06 12:23:17,2334,22.145000457763672,1051.5,0
425,2017-05-06 12:23:22,2339,22.14299964904785,1051.5,0
426,2017-05-06 12:23:27,2344,22.143999099731445,1051.5,0
427,2017-05-06 12:23:32,2349,22.143999099731445,1051.5,0
428,2017-05-06 12:23:38,2355,22.145000457763672,1051.5,0
429,2017-05-06 12:23:44,2361,22.143999099731445,1051.5,0
430,2017-05-06 12:23:49,2366,22.143999099731445,1051.5,0
431,2017-05-06 12:23:55,2372,22.145000457763672,1051.5,0
432,2017-05-06 12:24:00,2377,22.145999908447266,1051.5,0
433,2017-05-06 12:24:06,2383,22.145000457763672,1051.5,0
434,2017-05-06 12:24:11,2388,22.145999908447266,1051.5,0
435,2017-05-06 12:24:16,2393,22.148000717163086,1051.5,0
436,2017-05-06 12:24:21,2398,22.14699935913086,1051.5,0
437,2017-05-06 12:24:27,2404,22.145999908447266,1051.5,0
438,2017-05-06 12:24:32,2409,22.145999908447266,1051.5,0
439,2017-05-06 12:24:38,2415,22.148000717163086,1051.5,0
440,2017-05-06 12:24:44,2421,22.148000717163086,1051.5,0
441,2017-05-06 12:24:50,2427,22.14900016784668,1051.5,0
442,2017-05-06 12:24:55,2432,22.14900016784668,1051.5,0
443,2017-05-06 12:25:01,2438,22.149999618530273,1051.5,0
444,2017-05-06 12:25:06,2443,22.150999069213867,1051.5,0
445,2017-05-06 12:25:12,2449,22.150999069213867,1051.5,0
446,2017-05-06 12:25:17,2454,22.152000427246094,1051.5,0
447,2017-05-06 12:25:22,2459,22.150999069213867,1051.5,0
448,2017-05-06 12:25:27,2464,22.152000427246094,1051.5,0
449,2017-05-06 12:25:32,2469,22.152000427246094,1051.5,0
450,2017-05-06 12:25:38,2475,22.152000427246094,1051.5,0
451,2017-05-06 12:25:43,2480,22.149999618530273,1051.5,0
452,2017-05-06 12:25:48,2485,22.150999069213867,1051.5,0
453,2017-05-06 12:25:53,2490,22.150999069213867,1051.5,0
454,2017-05-06 12:25:59,2496,22.152000427246094,1051.5,0
455,2017-05-06 12:26:04,2501,22.152000427246094,1051.5,0
456,2017-05-06 12:26:09,2506,22.150999069213867,1051.5,0
457,2017-05-06 12:26:14,2511,22.152000427246094,1051.5,0
458,2017-05-06 12:26:20,2517,22.152999877929688,1051.5,0
459,2017-05-06 12:26:25,2522,22.15399932861328,1051.5,0
460,2017-05-06 12:26:31,2528,22.15399932861328,1051.5,0
461,2017-05-06 12:26:37,2534,22.15399932861328,1051.5,0
462,2017-05-06 12:26:42,2539,22.15399932861328,1051.5,0
463,2017-05-06 12:26:47,2544,22.1560001373291,1051.5,0
464,2017-05-06 12:26:53,2550,22.1560001373291,1051.5,0
465,2017-05-06 12:26:58,2555,22.15699958801269,1051.5,0
466,2017-05-06 12:27:03,2560,22.15699958801269,1051.5,0
467,2017-05-06 12:27:08,2565,22.158000946044922,1051.5,0
468,2017-05-06 12:27:13,2570,22.1560001373291,1051.5,0
469,2017-05-06 12:27:19,2576,22.158000946044922,1051.5,0
470,2017-05-06 12:27:25,2582,22.15900039672852,1051.5,0
471,2017-05-06 12:27:30,2587,22.15900039672852,1051.5,0
472,2017-05-06 12:27:35,2592,22.16200065612793,1051.5,0
473,2017-05-06 12:27:41,2598,22.16200065612793,1051.5,0
474,2017-05-06 12:27:46,2603,22.16200065612793,1051.5,0
475,2017-05-06 12:27:51,2608,22.163000106811523,1051.5,0
476,2017-05-06 12:27:56,2613,22.163000106811523,1051.5,0
477,2017-05-06 12:28:01,2618,22.163000106811523,1051.5,0
478,2017-05-06 12:28:07,2624,22.165000915527344,1051.5,0
479,2017-05-06 12:28:13,2630,22.166000366210934,1051.5,0
480,2017-05-06 12:28:19,2636,22.166000366210934,1051.5,0
481,2017-05-06 12:28:24,2641,22.165000915527344,1051.5,0
482,2017-05-06 12:28:30,2647,22.166000366210934,1051.5,0
483,2017-05-06 12:28:36,2653,22.16699981689453,1051.5,0
484,2017-05-06 12:28:41,2658,22.16699981689453,1051.5,0
485,2017-05-06 12:28:46,2663,22.167999267578125,1051.5,0
486,2017-05-06 12:28:51,2668,22.167999267578125,1051.5,0
487,2017-05-06 12:28:57,2674,22.167999267578125,1051.5,0
488,2017-05-06 12:29:02,2679,22.167999267578125,1051.5,0
489,2017-05-06 12:29:08,2685,22.16900062561035,1051.5,0
490,2017-05-06 12:29:14,2691,22.16900062561035,1051.5,0
491,2017-05-06 12:29:20,2697,22.16900062561035,1051.5,0
492,2017-05-06 12:29:25,2702,22.170000076293945,1051.5,0
493,2017-05-06 12:29:30,2707,22.170000076293945,1051.5,0
494,2017-05-06 12:29:36,2713,22.17099952697754,1051.5,0
495,2017-05-06 12:29:42,2719,22.170000076293945,1051.5,0
496,2017-05-06 12:29:47,2724,22.170000076293945,1051.5,0
497,2017-05-06 12:29:53,2730,22.172000885009766,1051.5,0
498,2017-05-06 12:29:59,2736,22.17099952697754,1051.5,0
499,2017-05-06 12:30:05,2742,22.17300033569336,1051.5,0
500,2017-05-06 12:30:11,2748,22.172000885009766,1051.5,0
501,2017-05-06 12:30:16,2753,22.173999786376953,1051.5,0
502,2017-05-06 12:30:22,2759,22.17300033569336,1051.5,0
503,2017-05-06 12:30:27,2764,22.174999237060547,1051.5,0
504,2017-05-06 12:30:33,2770,22.173999786376953,1051.5,0
505,2017-05-06 12:30:38,2775,22.17300033569336,1051.5,0
506,2017-05-06 12:30:44,2781,22.174999237060547,1051.5,0
507,2017-05-06 12:30:49,2786,22.174999237060547,1051.5,0
508,2017-05-06 12:30:55,2792,22.176000595092773,1051.5,0
509,2017-05-06 12:31:01,2798,22.176000595092773,1051.5,0
510,2017-05-06 12:31:06,2803,22.177000045776367,1051.5,0
511,2017-05-06 12:31:12,2809,22.17799949645996,1051.5,0
512,2017-05-06 12:31:17,2814,22.177000045776367,1051.5,0
513,2017-05-06 12:31:22,2819,22.17799949645996,1051.5,0
514,2017-05-06 12:31:28,2825,22.179000854492188,1051.5,0
515,2017-05-06 12:31:34,2831,22.17799949645996,1051.5,0
516,2017-05-06 12:31:39,2836,22.18000030517578,1051.5,0
517,2017-05-06 12:31:45,2842,22.18099975585937,1051.5,0
518,2017-05-06 12:31:50,2847,22.18199920654297,1051.5,0
519,2017-05-06 12:31:56,2853,22.18199920654297,1051.5,0
520,2017-05-06 12:32:02,2859,22.18400001525879,1051.5,0
521,2017-05-06 12:32:08,2865,22.18400001525879,1051.5,0
522,2017-05-06 12:32:14,2871,22.183000564575195,1051.5,0
523,2017-05-06 12:32:20,2877,22.18400001525879,1051.5,0
524,2017-05-06 12:32:26,2883,22.18400001525879,1051.5,0
525,2017-05-06 12:32:31,2888,22.18400001525879,1051.5,0
526,2017-05-06 12:32:37,2894,22.18400001525879,1051.5,0
527,2017-05-06 12:32:42,2899,22.18400001525879,1051.5,0
528,2017-05-06 12:32:47,2904,22.18400001525879,1051.5,0
529,2017-05-06 12:32:53,2910,22.187000274658203,1051.5,0
530,2017-05-06 12:32:58,2915,22.18600082397461,1051.5,0
531,2017-05-06 12:33:04,2921,22.1879997253418,1051.5,0
532,2017-05-06 12:33:10,2927,22.187000274658203,1051.5,0
533,2017-05-06 12:33:16,2933,22.187000274658203,1051.5,0
534,2017-05-06 12:33:21,2938,22.187000274658203,1051.5,0
535,2017-05-06 12:33:27,2944,22.187000274658203,1051.5,0
536,2017-05-06 12:33:33,2950,22.18899917602539,1051.5,0
537,2017-05-06 12:33:39,2956,22.190000534057614,1051.5,0
538,2017-05-06 12:33:45,2962,22.18899917602539,1051.5,0
539,2017-05-06 12:33:50,2967,22.190000534057614,1051.5,0
540,2017-05-06 12:33:56,2973,22.190000534057614,1051.5,0
541,2017-05-06 12:34:01,2978,22.190000534057614,1051.5,0
542,2017-05-06 12:34:06,2983,22.190000534057614,1051.5,0
543,2017-05-06 12:34:12,2989,22.190000534057614,1051.5,0
544,2017-05-06 12:34:17,2994,22.19099998474121,1051.5,0
545,2017-05-06 12:34:22,2999,22.191999435424805,1051.5,0
546,2017-05-06 12:34:28,3005,22.191999435424805,1051.5,0
547,2017-05-06 12:34:33,3010,22.19300079345703,1051.5,0
548,2017-05-06 12:34:38,3015,22.19300079345703,1051.5,0
549,2017-05-06 12:34:44,3021,22.19300079345703,1051.5,0
550,2017-05-06 12:34:49,3026,22.19300079345703,1051.5,0
551,2017-05-06 12:34:55,3032,22.19499969482422,1051.5,0
552,2017-05-06 12:35:01,3038,22.19599914550781,1051.5,0
553,2017-05-06 12:35:06,3043,22.197999954223636,1051.5,0
554,2017-05-06 12:35:12,3049,22.197999954223636,1051.5,0
555,2017-05-06 12:35:17,3054,22.197999954223636,1051.5,0
556,2017-05-06 12:35:22,3059,22.197999954223636,1051.5,0
557,2017-05-06 12:35:28,3065,22.198999404907227,1051.5,0
558,2017-05-06 12:35:33,3070,22.201000213623047,1051.5,0
559,2017-05-06 12:35:39,3076,22.201000213623047,1051.5,0
560,2017-05-06 12:35:44,3081,22.20199966430664,1051.5,0
561,2017-05-06 12:35:50,3087,22.202999114990234,1051.5,0
562,2017-05-06 12:35:55,3092,22.20499992370605,1051.5,0
563,2017-05-06 12:36:00,3097,22.20499992370605,1051.5,0
564,2017-05-06 12:36:06,3103,22.20499992370605,1051.5,0
565,2017-05-06 12:36:12,3109,22.20599937438965,1051.5,0
566,2017-05-06 12:36:17,3114,22.20599937438965,1051.5,0
567,2017-05-06 12:36:23,3120,22.207000732421875,1051.5,0
568,2017-05-06 12:36:29,3126,22.20800018310547,1051.5,0
569,2017-05-06 12:36:35,3132,22.20800018310547,1051.5,0
570,2017-05-06 12:36:41,3138,22.20800018310547,1051.5,0
571,2017-05-06 12:36:47,3144,22.20800018310547,1051.5,0
572,2017-05-06 12:36:52,3149,22.20800018310547,1051.5,0
573,2017-05-06 12:36:57,3154,22.20800018310547,1051.5,0
574,2017-05-06 12:37:03,3160,22.209999084472656,1051.5,0
575,2017-05-06 12:37:09,3166,22.208999633789066,1051.5,0
576,2017-05-06 12:37:15,3172,22.209999084472656,1051.5,0
577,2017-05-06 12:37:21,3178,22.211000442504886,1051.5,0
578,2017-05-06 12:37:26,3183,22.211000442504886,1051.5,0
579,2017-05-06 12:37:31,3188,22.211000442504886,1051.5,0
580,2017-05-06 12:37:36,3193,22.209999084472656,1051.5,0
581,2017-05-06 12:37:42,3199,22.211000442504886,1051.5,0
582,2017-05-06 12:37:47,3204,22.211000442504886,1051.5,0
583,2017-05-06 12:37:53,3210,22.21299934387207,1051.5,0
584,2017-05-06 12:37:58,3215,22.21199989318848,1051.5,0
585,2017-05-06 12:38:03,3220,22.21299934387207,1051.5,0
586,2017-05-06 12:38:09,3226,22.211000442504886,1051.5,0
587,2017-05-06 12:38:14,3231,22.21299934387207,1051.5,0
588,2017-05-06 12:38:20,3237,22.21199989318848,1051.5,0
589,2017-05-06 12:38:26,3243,22.21199989318848,1051.5,0
590,2017-05-06 12:38:32,3249,22.214000701904297,1051.5,0
591,2017-05-06 12:38:37,3254,22.214000701904297,1051.5,0
592,2017-05-06 12:38:43,3260,22.214000701904297,1051.5,0
593,2017-05-06 12:38:49,3266,22.214000701904297,1051.5,0
594,2017-05-06 12:38:54,3271,22.214000701904297,1051.5,0
595,2017-05-06 12:39:00,3277,22.214000701904297,1051.5,0
596,2017-05-06 12:39:06,3283,22.21500015258789,1051.5,0
597,2017-05-06 12:39:12,3289,22.21500015258789,1051.5,0
598,2017-05-06 12:39:17,3294,22.21500015258789,1051.5,0
599,2017-05-06 12:39:22,3299,22.215999603271484,1051.5,0
600,2017-05-06 12:39:28,3305,22.215999603271484,1051.5,0
601,2017-05-06 12:39:33,3310,22.215999603271484,1051.5,0
602,2017-05-06 12:39:38,3315,22.215999603271484,1051.5,0
603,2017-05-06 12:39:44,3321,22.216999053955078,1051.5,0
604,2017-05-06 12:39:50,3327,22.216999053955078,1051.5,0
605,2017-05-06 12:39:56,3333,22.218000411987305,1051.5,0
606,2017-05-06 12:40:01,3338,22.218000411987305,1051.5,0
607,2017-05-06 12:40:07,3344,22.21999931335449,1051.5,0
608,2017-05-06 12:40:12,3349,22.2189998626709,1051.5,0
609,2017-05-06 12:40:18,3355,22.21999931335449,1051.5,0
610,2017-05-06 12:40:23,3360,22.21999931335449,1051.5,0
611,2017-05-06 12:40:29,3366,22.2189998626709,1051.5,0
612,2017-05-06 12:40:34,3371,22.21999931335449,1051.5,0
613,2017-05-06 12:40:39,3376,22.22100067138672,1051.5,0
614,2017-05-06 12:40:44,3381,22.21999931335449,1051.5,0
615,2017-05-06 12:40:50,3387,22.21999931335449,1051.5,0
616,2017-05-06 12:40:55,3392,22.22100067138672,1051.5,0
617,2017-05-06 12:41:00,3397,22.22100067138672,1051.5,0
618,2017-05-06 12:41:05,3402,22.22100067138672,1051.5,0
619,2017-05-06 12:41:11,3408,22.22100067138672,1051.5,0
620,2017-05-06 12:41:16,3413,22.222000122070312,1051.5,0
621,2017-05-06 12:41:22,3419,22.222000122070312,1051.5,0
622,2017-05-06 12:41:28,3425,22.22100067138672,1051.5,0
623,2017-05-06 12:41:33,3430,22.222000122070312,1051.5,0
624,2017-05-06 12:41:39,3436,22.22100067138672,1051.5,0
625,2017-05-06 12:41:44,3441,22.22100067138672,1051.5,0
626,2017-05-06 12:41:50,3447,22.222999572753906,1051.5,0
627,2017-05-06 12:41:56,3453,22.22100067138672,1051.5,0
628,2017-05-06 12:42:01,3458,22.222999572753906,1051.5,0
629,2017-05-06 12:42:06,3463,22.222000122070312,1051.5,0
630,2017-05-06 12:42:12,3469,22.222000122070312,1051.5,0
631,2017-05-06 12:42:17,3474,22.222999572753906,1051.5,0
632,2017-05-06 12:42:22,3479,22.222999572753906,1051.5,0
633,2017-05-06 12:42:28,3485,22.222000122070312,1051.5,0
634,2017-05-06 12:42:33,3490,22.225000381469727,1051.5,0
635,2017-05-06 12:42:38,3495,22.229000091552734,1051.5,0
636,2017-05-06 12:42:43,3500,22.23200035095215,1051.5,0
637,2017-05-06 12:42:49,3506,22.23500061035156,1051.5,0
638,2017-05-06 12:42:54,3511,22.23500061035156,1051.5,0
639,2017-05-06 12:43:00,3517,22.23699951171875,1051.5,0
640,2017-05-06 12:43:06,3523,22.23900032043457,1051.5,0
641,2017-05-06 12:43:11,3528,22.23900032043457,1051.5,0
642,2017-05-06 12:43:17,3534,22.24099922180176,1051.5,0
643,2017-05-06 12:43:23,3540,22.23900032043457,1051.5,0
644,2017-05-06 12:43:28,3545,22.239999771118164,1051.5,0
645,2017-05-06 12:43:33,3550,22.239999771118164,1051.5,0
646,2017-05-06 12:43:39,3556,22.238000869750977,1051.5,0
647,2017-05-06 12:43:44,3561,22.23900032043457,1051.5,0
648,2017-05-06 12:43:50,3567,22.24099922180176,1051.5,0
649,2017-05-06 12:43:56,3573,22.23900032043457,1051.5,0
650,2017-05-06 12:44:01,3578,22.23900032043457,1051.5,0
651,2017-05-06 12:44:07,3584,22.238000869750977,1051.5,0
652,2017-05-06 12:44:13,3590,22.238000869750977,1051.5,0
653,2017-05-06 12:44:18,3595,22.23699951171875,1051.5,0
654,2017-05-06 12:44:24,3601,22.232999801635746,1051.5,0
655,2017-05-06 12:44:29,3606,22.233999252319336,1051.5,0
656,2017-05-06 12:44:35,3612,22.22800064086914,1051.5,0
657,2017-05-06 12:44:40,3617,22.224000930786133,1051.5,0
658,2017-05-06 12:44:46,3623,22.21999931335449,1051.5,0
659,2017-05-06 12:44:51,3628,22.215999603271484,1051.5,0
660,2017-05-06 12:44:56,3633,22.21500015258789,1051.5,0
661,2017-05-06 12:45:02,3639,22.214000701904297,1051.5,0
662,2017-05-06 12:45:08,3645,22.214000701904297,1051.5,0
663,2017-05-06 12:45:13,3650,22.21199989318848,1051.5,0
664,2017-05-06 12:45:18,3655,22.211000442504886,1051.5,0
665,2017-05-06 12:45:23,3660,22.21199989318848,1051.5,0
666,2017-05-06 12:45:29,3666,22.21199989318848,1051.5,0
667,2017-05-06 12:45:34,3671,22.211000442504886,1051.5,0
668,2017-05-06 12:45:40,3677,22.211000442504886,1051.5,0
669,2017-05-06 12:45:45,3682,22.211000442504886,1051.5,0
670,2017-05-06 12:45:51,3688,22.211000442504886,1051.5,0
671,2017-05-06 12:45:56,3693,22.21199989318848,1051.5,0
672,2017-05-06 12:46:01,3698,22.21199989318848,1051.5,0
673,2017-05-06 12:46:06,3703,22.21199989318848,1051.5,0
674,2017-05-06 12:46:11,3708,22.21299934387207,1051.5,0
675,2017-05-06 12:46:17,3714,22.21500015258789,1051.5,0
676,2017-05-06 12:46:23,3720,22.21500015258789,1051.5,0
677,2017-05-06 12:46:29,3726,22.215999603271484,1051.5,0
678,2017-05-06 12:46:35,3732,22.215999603271484,1051.5,0
679,2017-05-06 12:46:40,3737,22.216999053955078,1051.5,0
680,2017-05-06 12:46:46,3743,22.216999053955078,1051.5,0
681,2017-05-06 12:46:51,3748,22.2189998626709,1051.5,0
682,2017-05-06 12:46:56,3753,22.218000411987305,1051.5,0
683,2017-05-06 12:47:02,3759,22.22100067138672,1051.5,0
684,2017-05-06 12:47:07,3764,22.224000930786133,1051.5,0
685,2017-05-06 12:47:12,3769,22.22599983215332,1051.5,0
686,2017-05-06 12:47:17,3774,22.22800064086914,1051.5,0
687,2017-05-06 12:47:23,3780,22.231000900268555,1051.5,0
688,2017-05-06 12:47:28,3785,22.232999801635746,1051.5,0
689,2017-05-06 12:47:34,3791,22.23699951171875,1051.5,0
690,2017-05-06 12:47:40,3797,22.23699951171875,1051.5,0
691,2017-05-06 12:47:45,3802,22.238000869750977,1051.5,0
692,2017-05-06 12:47:50,3807,22.24099922180176,1051.5,0
693,2017-05-06 12:47:55,3812,22.24099922180176,1051.5,0
694,2017-05-06 12:48:01,3818,22.239999771118164,1051.5,0
695,2017-05-06 12:48:06,3823,22.243000030517575,1051.5,0
696,2017-05-06 12:48:12,3829,22.2450008392334,1051.5,0
697,2017-05-06 12:48:18,3835,22.246000289916992,1051.5,0
698,2017-05-06 12:48:24,3841,22.24799919128418,1051.5,0
699,2017-05-06 12:48:30,3847,22.24799919128418,1051.5,0
700,2017-05-06 12:48:32,3849,22.24799919128418,1051.5,0
701,2017-05-06 12:48:36,3853,22.250999450683594,1051.5,0
702,2017-05-06 12:48:42,3859,22.250999450683594,1051.5,0
703,2017-05-06 12:48:48,3865,22.253000259399414,1051.5,0
704,2017-05-06 12:48:53,3870,22.253000259399414,1051.5,0
705,2017-05-06 12:48:59,3876,22.253999710083008,1051.5,0
706,2017-05-06 12:49:04,3881,22.253999710083008,1051.5,0
707,2017-05-06 12:49:10,3887,22.2549991607666,1051.5,0
708,2017-05-06 12:49:16,3893,22.256999969482425,1051.5,0
709,2017-05-06 12:49:22,3899,22.257999420166016,1051.5,0
710,2017-05-06 12:49:28,3905,22.256999969482425,1051.5,0
711,2017-05-06 12:49:34,3911,22.257999420166016,1051.5,0
712,2017-05-06 12:49:40,3917,22.257999420166016,1051.5,0
713,2017-05-06 12:49:46,3923,22.26000022888184,1051.5,0
714,2017-05-06 12:49:52,3929,22.26099967956543,1051.5,0
715,2017-05-06 12:49:58,3935,22.26000022888184,1051.5,0
716,2017-05-06 12:50:03,3940,22.26000022888184,1051.5,0
717,2017-05-06 12:50:08,3945,22.26099967956543,1051.5,0
718,2017-05-06 12:50:13,3950,22.26099967956543,1051.5,0
719,2017-05-06 12:50:19,3956,22.26099967956543,1051.5,0
720,2017-05-06 12:50:25,3962,22.26300048828125,1051.5,0
721,2017-05-06 12:50:30,3967,22.263999938964844,1051.5,0
722,2017-05-06 12:50:35,3972,22.263999938964844,1051.5,0
723,2017-05-06 12:50:41,3978,22.263999938964844,1051.5,0
724,2017-05-06 12:50:47,3984,22.26300048828125,1051.5,0
725,2017-05-06 12:50:52,3989,22.263999938964844,1051.5,0
726,2017-05-06 12:50:57,3994,22.263999938964844,1051.5,0
727,2017-05-06 12:51:03,4000,22.263999938964844,1051.5,0
728,2017-05-06 12:51:08,4005,22.263999938964844,1051.5,0
729,2017-05-06 12:51:13,4010,22.26499938964844,1051.5,0
730,2017-05-06 12:51:19,4016,22.266000747680664,1051.5,0
731,2017-05-06 12:51:25,4022,22.26499938964844,1051.5,0
732,2017-05-06 12:51:28,4025,22.26499938964844,1051.5,0
0,2017-05-06 12:51:31,4028,22.266000747680664,1051.5,0
1,2017-05-06 12:51:37,4034,22.263999938964844,1051.5,0
2,2017-05-06 12:51:42,4039,22.263999938964844,1051.5,0
3,2017-05-06 12:51:48,4045,22.266000747680664,1051.5,0
4,2017-05-06 12:51:53,4050,22.266000747680664,1051.5,0
5,2017-05-06 12:51:59,4056,22.267000198364254,1051.5,0
6,2017-05-06 12:51:59,4056,22.267000198364254,1051.5,0
7,2017-05-06 12:52:05,4062,22.26499938964844,1051.5,0
8,2017-05-06 12:52:10,4067,22.266000747680664,1051.5,0
9,2017-05-06 12:52:15,4072,22.266000747680664,1051.5,0
10,2017-05-06 12:52:20,4077,22.267000198364254,1051.5,0
11,2017-05-06 12:52:26,4083,22.267000198364254,1051.5,0
12,2017-05-06 12:52:32,4089,22.26799964904785,1051.5,0
13,2017-05-06 12:52:38,4095,22.268999099731445,1051.5,0
14,2017-05-06 12:52:44,4101,22.268999099731445,1051.5,0
15,2017-05-06 12:52:50,4107,22.268999099731445,1051.5,0
16,2017-05-06 12:52:56,4113,22.270999908447266,1051.5,0
17,2017-05-06 12:53:01,4118,22.273000717163086,1051.5,0
18,2017-05-06 12:53:06,4123,22.270999908447266,1051.5,0
19,2017-05-06 12:53:12,4129,22.273000717163086,1051.5,0
20,2017-05-06 12:53:18,4135,22.27400016784668,1051.5,0
21,2017-05-06 12:53:24,4141,22.273000717163086,1051.5,0
22,2017-05-06 12:53:30,4147,22.27400016784668,1051.5,0
23,2017-05-06 12:53:35,4152,22.27400016784668,1051.5,0
24,2017-05-06 12:53:41,4158,22.274999618530273,1051.5,0
25,2017-05-06 12:53:47,4164,22.274999618530273,1051.5,0
26,2017-05-06 12:53:53,4170,22.275999069213867,1051.5,0
27,2017-05-06 12:53:59,4176,22.277000427246094,1051.5,0
28,2017-05-06 12:54:04,4181,22.27899932861328,1051.5,0
29,2017-05-06 12:54:10,4187,22.27899932861328,1051.5,0
30,2017-05-06 12:54:15,4192,22.280000686645508,1051.5,0
31,2017-05-06 12:54:21,4198,22.280000686645508,1051.5,0
32,2017-05-06 12:54:27,4204,22.2810001373291,1051.5,0
33,2017-05-06 12:54:32,4209,22.280000686645508,1051.5,0
34,2017-05-06 12:54:37,4214,22.280000686645508,1051.5,0
35,2017-05-06 12:54:43,4220,22.2810001373291,1051.5,0
36,2017-05-06 12:54:48,4225,22.28199958801269,1051.5,0
37,2017-05-06 12:54:54,4231,22.28199958801269,1051.5,0
38,2017-05-06 12:54:59,4236,22.2810001373291,1051.5,0
39,2017-05-06 12:55:05,4242,22.28199958801269,1051.5,0
40,2017-05-06 12:55:11,4248,22.28199958801269,1051.5,0
41,2017-05-06 12:55:17,4254,22.28400039672852,1051.5,0
42,2017-05-06 12:55:22,4259,22.28400039672852,1051.5,0
43,2017-05-06 12:55:28,4265,22.28400039672852,1051.5,0
44,2017-05-06 12:55:33,4270,22.283000946044922,1051.5,0
45,2017-05-06 12:55:38,4275,22.28400039672852,1051.5,0
46,2017-05-06 12:55:44,4281,22.28400039672852,1051.5,0
47,2017-05-06 12:55:50,4287,22.285999298095703,1051.5,0
48,2017-05-06 12:55:55,4292,22.28499984741211,1051.5,0
49,2017-05-06 12:56:01,4298,22.28499984741211,1051.5,0
50,2017-05-06 12:56:06,4303,22.28700065612793,1051.5,0
51,2017-05-06 12:56:12,4309,22.285999298095703,1051.5,0
52,2017-05-06 12:56:18,4315,22.288000106811523,1051.5,0
53,2017-05-06 12:56:26,4323,22.288000106811523,1051.5,0
54,2017-05-06 12:56:32,4329,22.288000106811523,1051.5,0
55,2017-05-06 12:56:38,4335,22.28700065612793,1051.5,0
56,2017-05-06 12:56:44,4341,22.28899955749512,1051.5,0
57,2017-05-06 12:56:49,4346,22.288000106811523,1051.5,0
58,2017-05-06 12:56:55,4352,22.28899955749512,1051.5,0
59,2017-05-06 12:57:00,4357,22.288000106811523,1051.5,0
60,2017-05-06 12:57:05,4362,22.28899955749512,1051.5,0
61,2017-05-06 12:57:11,4368,22.28899955749512,1051.5,0
62,2017-05-06 12:57:16,4373,22.28700065612793,1051.5,0
63,2017-05-06 12:57:22,4379,22.288000106811523,1051.5,0
64,2017-05-06 12:57:28,4385,22.290000915527344,1051.5,0
65,2017-05-06 12:57:33,4390,22.290000915527344,1051.5,0
66,2017-05-06 12:57:39,4396,22.290000915527344,1051.5,0
67,2017-05-06 12:57:44,4401,22.28899955749512,1051.5,0
68,2017-05-06 12:57:49,4406,22.290000915527344,1051.5,0
69,2017-05-06 12:57:55,4412,22.290000915527344,1051.5,0
70,2017-05-06 12:58:01,4418,22.288000106811523,1051.5,0
71,2017-05-06 12:58:06,4423,22.290000915527344,1051.5,0
72,2017-05-06 12:58:12,4429,22.290000915527344,1051.5,0
73,2017-05-06 12:58:17,4434,22.290000915527344,1051.5,0
74,2017-05-06 12:58:22,4439,22.291000366210934,1051.5,0
75,2017-05-06 12:58:28,4445,22.291000366210934,1051.5,0
76,2017-05-06 12:58:34,4451,22.292999267578125,1051.5,0
77,2017-05-06 12:58:40,4457,22.292999267578125,1051.5,0
78,2017-05-06 12:58:46,4463,22.292999267578125,1051.5,0
79,2017-05-06 12:58:51,4468,22.292999267578125,1051.5,0
80,2017-05-06 12:58:56,4473,22.295000076293945,1051.5,0
81,2017-05-06 12:59:01,4478,22.29599952697754,1051.5,0
82,2017-05-06 12:59:06,4483,22.297000885009766,1051.5,0
83,2017-05-06 12:59:12,4489,22.295000076293945,1051.5,0
84,2017-05-06 12:59:17,4494,22.297000885009766,1051.5,0
85,2017-05-06 12:59:22,4499,22.295000076293945,1051.5,0
86,2017-05-06 12:59:28,4505,22.297000885009766,1051.5,0
87,2017-05-06 12:59:33,4510,22.297000885009766,1051.5,0
88,2017-05-06 12:59:38,4515,22.297000885009766,1051.5,0
89,2017-05-06 12:59:44,4521,22.29599952697754,1051.5,0
90,2017-05-06 12:59:49,4526,22.297000885009766,1051.5,0
91,2017-05-06 12:59:54,4531,22.297000885009766,1051.5,0
92,2017-05-06 12:59:59,4536,22.297000885009766,1051.5,0
93,2017-05-06 13:00:05,4542,22.297000885009766,1051.5,0
94,2017-05-06 13:00:11,4548,22.29800033569336,1051.5,0
95,2017-05-06 13:00:17,4554,22.29800033569336,1051.5,0
96,2017-05-06 13:00:22,4559,22.29800033569336,1051.5,0
97,2017-05-06 13:00:28,4565,22.297000885009766,1051.5,0
98,2017-05-06 13:00:33,4570,22.29800033569336,1051.5,0
99,2017-05-06 13:00:39,4576,22.29800033569336,1051.5,0
100,2017-05-06 13:00:44,4581,22.298999786376953,1051.5,0
101,2017-05-06 13:00:52,4589,22.29800033569336,1051.5,0
102,2017-05-06 13:00:58,4595,22.29800033569336,1051.5,0
103,2017-05-06 13:01:03,4600,22.298999786376953,1051.5,0
104,2017-05-06 13:01:09,4606,22.299999237060547,1051.5,0
105,2017-05-06 13:01:15,4612,22.29800033569336,1051.5,0
106,2017-05-06 13:01:21,4618,22.298999786376953,1051.5,0
107,2017-05-06 13:01:26,4623,22.298999786376953,1051.5,0
108,2017-05-06 13:01:31,4628,22.299999237060547,1051.5,0
109,2017-05-06 13:01:36,4633,22.299999237060547,1051.5,0
110,2017-05-06 13:01:42,4639,22.301000595092773,1051.5,0
111,2017-05-06 13:01:48,4645,22.301000595092773,1051.5,0
112,2017-05-06 13:01:53,4650,22.301000595092773,1051.5,0
113,2017-05-06 13:01:59,4656,22.301000595092773,1051.5,0
114,2017-05-06 13:02:05,4662,22.30299949645996,1051.5,0
115,2017-05-06 13:02:10,4667,22.30299949645996,1051.5,0
116,2017-05-06 13:02:16,4673,22.30299949645996,1051.5,0
117,2017-05-06 13:02:22,4679,22.304000854492188,1051.5,0
118,2017-05-06 13:02:27,4684,22.301000595092773,1051.5,0
119,2017-05-06 13:02:32,4689,22.30299949645996,1051.5,0
120,2017-05-06 13:02:38,4695,22.299999237060547,1051.5,0
121,2017-05-06 13:02:44,4701,22.301000595092773,1051.5,0
122,2017-05-06 13:02:50,4707,22.30299949645996,1051.5,0
123,2017-05-06 13:02:56,4713,22.30299949645996,1051.5,0
124,2017-05-06 13:03:01,4718,22.302000045776367,1051.5,0
125,2017-05-06 13:03:07,4724,22.304000854492188,1051.5,0
126,2017-05-06 13:03:12,4729,22.304000854492188,1051.5,0
127,2017-05-06 13:03:17,4734,22.304000854492188,1051.5,0
128,2017-05-06 13:03:23,4740,22.304000854492188,1051.5,0
129,2017-05-06 13:03:31,4748,22.30299949645996,1051.5,0
130,2017-05-06 13:03:37,4754,22.304000854492188,1051.5,0
131,2017-05-06 13:03:43,4760,22.30500030517578,1051.5,0
132,2017-05-06 13:03:48,4765,22.304000854492188,1051.5,0
133,2017-05-06 13:03:53,4770,22.302000045776367,1051.5,0
134,2017-05-06 13:03:59,4776,22.30299949645996,1051.5,0
135,2017-05-06 13:04:05,4782,22.304000854492188,1051.5,0
136,2017-05-06 13:04:10,4787,22.30500030517578,1051.5,0
137,2017-05-06 13:04:16,4793,22.30599975585937,1051.5,0
138,2017-05-06 13:04:22,4799,22.30699920654297,1051.5,0
139,2017-05-06 13:04:27,4804,22.308000564575195,1051.5,0
140,2017-05-06 13:04:33,4810,22.30900001525879,1051.5,0
141,2017-05-06 13:04:39,4816,22.308000564575195,1051.5,0
142,2017-05-06 13:04:44,4821,22.308000564575195,1051.5,0
143,2017-05-06 13:04:50,4827,22.30900001525879,1051.5,0
144,2017-05-06 13:04:55,4832,22.309999465942386,1051.5,0
145,2017-05-06 13:05:00,4837,22.31100082397461,1051.5,0
146,2017-05-06 13:05:06,4843,22.309999465942386,1051.5,0
147,2017-05-06 13:05:11,4848,22.31100082397461,1051.5,0
148,2017-05-06 13:05:18,4855,22.31100082397461,1051.5,0
149,2017-05-06 13:05:24,4861,22.312000274658203,1051.5,0
150,2017-05-06 13:05:30,4867,22.312000274658203,1051.5,0
151,2017-05-06 13:05:36,4873,22.3129997253418,1051.5,0
152,2017-05-06 13:05:41,4878,22.31100082397461,1051.5,0
153,2017-05-06 13:05:47,4884,22.3129997253418,1051.5,0
154,2017-05-06 13:05:53,4890,22.31399917602539,1051.5,0
155,2017-05-06 13:05:59,4896,22.3129997253418,1051.5,0
156,2017-05-06 13:06:04,4901,22.31399917602539,1051.5,0
157,2017-05-06 13:06:11,4908,22.31399917602539,1051.5,0
158,2017-05-06 13:06:17,4914,22.31399917602539,1051.5,0
159,2017-05-06 13:06:22,4919,22.315000534057614,1051.5,0
160,2017-05-06 13:06:27,4924,22.31599998474121,1051.5,0
161,2017-05-06 13:06:32,4929,22.31599998474121,1051.5,0
162,2017-05-06 13:06:37,4934,22.316999435424805,1051.5,0
163,2017-05-06 13:06:42,4939,22.31599998474121,1051.5,0
164,2017-05-06 13:06:47,4944,22.31599998474121,1051.5,0
165,2017-05-06 13:06:53,4950,22.315000534057614,1051.5,0
166,2017-05-06 13:06:58,4955,22.316999435424805,1051.5,0
167,2017-05-06 13:07:04,4961,22.316999435424805,1051.5,0
168,2017-05-06 13:07:10,4967,22.31800079345703,1051.5,0
169,2017-05-06 13:07:15,4972,22.31800079345703,1051.5,0
170,2017-05-06 13:07:21,4978,22.316999435424805,1051.5,0
171,2017-05-06 13:07:26,4983,22.319000244140625,1051.5,0
172,2017-05-06 13:07:32,4989,22.319000244140625,1051.5,0
173,2017-05-06 13:07:38,4995,22.31800079345703,1051.5,0
174,2017-05-06 13:07:44,5001,22.319000244140625,1051.5,0
175,2017-05-06 13:07:49,5006,22.319000244140625,1051.5,0
176,2017-05-06 13:07:54,5011,22.31999969482422,1051.5,0
177,2017-05-06 13:08:00,5017,22.32200050354004,1051.5,0
178,2017-05-06 13:08:05,5022,22.32200050354004,1051.5,0
179,2017-05-06 13:08:11,5028,22.323999404907227,1051.5,0
180,2017-05-06 13:08:16,5033,22.323999404907227,1051.5,0
181,2017-05-06 13:08:22,5039,22.323999404907227,1051.5,0
182,2017-05-06 13:08:27,5044,22.323999404907227,1051.5,0
183,2017-05-06 13:08:32,5049,22.326000213623047,1051.5,0
184,2017-05-06 13:08:37,5054,22.32699966430664,1051.5,0
185,2017-05-06 13:08:42,5059,22.326000213623047,1051.5,0
186,2017-05-06 13:08:48,5065,22.326000213623047,1051.5,0
187,2017-05-06 13:08:53,5070,22.326000213623047,1051.5,0
188,2017-05-06 13:08:59,5076,22.32699966430664,1051.5,0
189,2017-05-06 13:09:04,5081,22.32699966430664,1051.5,0
190,2017-05-06 13:09:10,5087,22.326000213623047,1051.5,0
191,2017-05-06 13:09:16,5093,22.32699966430664,1051.5,0
192,2017-05-06 13:09:22,5099,22.32699966430664,1051.5,0
193,2017-05-06 13:09:28,5105,22.327999114990234,1051.5,0
194,2017-05-06 13:09:33,5110,22.327999114990234,1051.5,0
195,2017-05-06 13:09:38,5115,22.32900047302246,1051.5,0
196,2017-05-06 13:09:44,5121,22.32999992370605,1051.5,0
197,2017-05-06 13:09:50,5127,22.32999992370605,1051.5,0
198,2017-05-06 13:09:55,5132,22.32999992370605,1051.5,0
199,2017-05-06 13:10:01,5138,22.32999992370605,1051.5,0
200,2017-05-06 13:10:06,5143,22.32999992370605,1051.5,0
201,2017-05-06 13:10:11,5148,22.33099937438965,1051.5,0
202,2017-05-06 13:10:17,5154,22.32999992370605,1051.5,0
203,2017-05-06 13:10:22,5159,22.332000732421875,1051.5,0
204,2017-05-06 13:10:28,5165,22.32999992370605,1051.5,0
205,2017-05-06 13:10:34,5171,22.32999992370605,1051.5,0
206,2017-05-06 13:10:39,5176,22.33099937438965,1051.5,0
207,2017-05-06 13:10:44,5181,22.32999992370605,1051.5,0
208,2017-05-06 13:10:50,5187,22.332000732421875,1051.5,0
209,2017-05-06 13:10:56,5193,22.33099937438965,1051.5,0
210,2017-05-06 13:11:01,5198,22.332000732421875,1051.5,0
211,2017-05-06 13:11:07,5204,22.332000732421875,1051.5,0
212,2017-05-06 13:11:13,5210,22.332000732421875,1051.5,0
0,2017-05-06 13:11:15,5212,22.33300018310547,1051.5,0
1,2017-05-06 13:11:19,5216,22.33300018310547,1051.5,0
2,2017-05-06 13:11:21,5218,22.332000732421875,1051.5,0
3,2017-05-06 13:11:26,5223,22.332000732421875,1051.5,0
4,2017-05-06 13:11:32,5229,22.333999633789066,1051.5,0
5,2017-05-06 13:11:37,5234,22.334999084472656,1051.5,0
6,2017-05-06 13:11:43,5240,22.334999084472656,1051.5,0
7,2017-05-06 13:11:49,5246,22.336000442504886,1051.5,0
8,2017-05-06 13:11:54,5251,22.33699989318848,1051.5,0
9,2017-05-06 13:11:59,5256,22.33699989318848,1051.5,0
10,2017-05-06 13:12:05,5262,22.339000701904297,1051.5,0
11,2017-05-06 13:12:13,5270,22.339000701904297,1051.5,0
12,2017-05-06 13:12:18,5275,22.34000015258789,1051.5,0
13,2017-05-06 13:12:24,5281,22.339000701904297,1051.5,0
14,2017-05-06 13:12:30,5287,22.34000015258789,1051.5,0
15,2017-05-06 13:12:36,5293,22.34000015258789,1051.5,0
16,2017-05-06 13:12:42,5299,22.341999053955078,1051.5,0
17,2017-05-06 13:12:48,5305,22.340999603271484,1051.5,0
18,2017-05-06 13:12:53,5310,22.343000411987305,1051.5,0
19,2017-05-06 13:12:58,5315,22.341999053955078,1051.5,0
20,2017-05-06 13:13:06,5323,22.343000411987305,1051.5,0
21,2017-05-06 13:13:11,5328,22.3439998626709,1051.5,0
22,2017-05-06 13:13:16,5333,22.343000411987305,1051.5,0
23,2017-05-06 13:13:22,5339,22.34499931335449,1051.5,0
24,2017-05-06 13:13:27,5344,22.34600067138672,1051.5,0
25,2017-05-06 13:13:32,5349,22.34499931335449,1051.5,0
26,2017-05-06 13:13:38,5355,22.34600067138672,1051.5,0
27,2017-05-06 13:13:44,5361,22.34499931335449,1051.5,0
28,2017-05-06 13:13:50,5367,22.34499931335449,1051.5,0
29,2017-05-06 13:13:55,5372,22.34600067138672,1051.5,0
30,2017-05-06 13:14:00,5377,22.3439998626709,1051.5,0
31,2017-05-06 13:14:05,5382,22.347000122070312,1051.5,0
32,2017-05-06 13:14:10,5387,22.347000122070312,1051.5,0
33,2017-05-06 13:14:15,5392,22.347000122070312,1051.5,0
34,2017-05-06 13:14:21,5398,22.347000122070312,1051.5,0
35,2017-05-06 13:14:26,5403,22.347999572753906,1051.5,0
36,2017-05-06 13:14:32,5409,22.350000381469727,1051.5,0
37,2017-05-06 13:14:38,5415,22.349000930786133,1051.5,0
38,2017-05-06 13:14:43,5420,22.35099983215332,1051.5,0
39,2017-05-06 13:14:48,5425,22.350000381469727,1051.5,0
40,2017-05-06 13:14:54,5431,22.350000381469727,1051.5,0
41,2017-05-06 13:15:00,5437,22.35099983215332,1051.5,0
42,2017-05-06 13:15:05,5442,22.351999282836914,1051.5,0
43,2017-05-06 13:15:10,5447,22.35300064086914,1051.5,0
44,2017-05-06 13:15:16,5453,22.354000091552734,1051.5,0
45,2017-05-06 13:15:22,5459,22.354000091552734,1051.5,0
46,2017-05-06 13:15:28,5465,22.35300064086914,1051.5,0
47,2017-05-06 13:15:33,5470,22.354999542236328,1051.5,0
48,2017-05-06 13:15:38,5475,22.356000900268555,1051.5,0
49,2017-05-06 13:15:43,5480,22.354999542236328,1051.5,0
50,2017-05-06 13:15:49,5486,22.35700035095215,1051.5,0
51,2017-05-06 13:15:55,5492,22.357999801635746,1051.5,0
52,2017-05-06 13:16:00,5497,22.36000061035156,1051.5,0
53,2017-05-06 13:16:06,5503,22.36000061035156,1051.5,0
54,2017-05-06 13:16:11,5508,22.36100006103516,1051.5,0
55,2017-05-06 13:16:17,5514,22.358999252319336,1051.5,0
56,2017-05-06 13:16:23,5520,22.36100006103516,1051.5,0
57,2017-05-06 13:16:28,5525,22.36100006103516,1051.5,0
58,2017-05-06 13:16:34,5531,22.36100006103516,1051.5,0
59,2017-05-06 13:16:40,5537,22.358999252319336,1051.5,0
60,2017-05-06 13:16:46,5543,22.36100006103516,1051.5,0
61,2017-05-06 13:16:51,5548,22.358999252319336,1051.5,0
62,2017-05-06 13:16:56,5553,22.36000061035156,1051.5,0
63,2017-05-06 13:17:01,5558,22.36100006103516,1051.5,0
64,2017-05-06 13:17:07,5564,22.36100006103516,1051.5,0
65,2017-05-06 13:17:13,5570,22.36100006103516,1051.5,0
66,2017-05-06 13:17:18,5575,22.36199951171875,1051.5,0
67,2017-05-06 13:17:24,5581,22.36100006103516,1051.5,0
68,2017-05-06 13:17:32,5589,22.363000869750977,1051.5,0
69,2017-05-06 13:17:38,5595,22.363000869750977,1051.5,0
70,2017-05-06 13:17:43,5600,22.36199951171875,1051.5,0
71,2017-05-06 13:17:48,5605,22.36199951171875,1051.5,0
72,2017-05-06 13:17:53,5610,22.36100006103516,1051.5,0
73,2017-05-06 13:17:59,5616,22.36000061035156,1051.5,0
74,2017-05-06 13:18:04,5621,22.36000061035156,1051.5,0
75,2017-05-06 13:18:10,5627,22.36000061035156,1051.5,0
76,2017-05-06 13:18:16,5633,22.36199951171875,1051.5,0
77,2017-05-06 13:18:22,5639,22.36199951171875,1051.5,0
78,2017-05-06 13:18:27,5644,22.36100006103516,1051.5,0
79,2017-05-06 13:18:33,5650,22.36100006103516,1051.5,0
80,2017-05-06 13:18:39,5656,22.36100006103516,1051.5,0
81,2017-05-06 13:18:45,5662,22.36000061035156,1051.5,0
82,2017-05-06 13:18:50,5667,22.36100006103516,1051.5,0
83,2017-05-06 13:18:55,5672,22.358999252319336,1051.5,0
84,2017-05-06 13:19:01,5678,22.36000061035156,1051.5,0
85,2017-05-06 13:19:06,5683,22.36000061035156,1051.5,0
86,2017-05-06 13:19:11,5688,22.36100006103516,1051.5,0
87,2017-05-06 13:19:18,5695,22.36100006103516,1051.5,0
88,2017-05-06 13:19:24,5701,22.36000061035156,1051.5,0
89,2017-05-06 13:19:29,5706,22.36000061035156,1051.5,0
90,2017-05-06 13:19:34,5711,22.36100006103516,1051.5,0
91,2017-05-06 13:19:39,5716,22.363000869750977,1051.5,0
92,2017-05-06 13:19:45,5722,22.36400032043457,1051.5,0
93,2017-05-06 13:19:50,5727,22.36400032043457,1051.5,0
94,2017-05-06 13:19:56,5733,22.363000869750977,1051.5,0
95,2017-05-06 13:20:01,5738,22.364999771118164,1051.5,0
96,2017-05-06 13:20:06,5743,22.364999771118164,1051.5,0
97,2017-05-06 13:20:12,5749,22.364999771118164,1051.5,0
98,2017-05-06 13:20:17,5754,22.367000579833984,1051.5,0
99,2017-05-06 13:20:22,5759,22.367000579833984,1051.5,0
100,2017-05-06 13:20:27,5764,22.36599922180176,1051.5,0
101,2017-05-06 13:20:33,5770,22.367000579833984,1051.5,0
102,2017-05-06 13:20:39,5776,22.367000579833984,1051.5,0
103,2017-05-06 13:20:44,5781,22.368000030517575,1051.5,0
104,2017-05-06 13:20:49,5786,22.368000030517575,1051.5,0
105,2017-05-06 13:20:55,5792,22.368000030517575,1051.5,0
106,2017-05-06 13:21:01,5798,22.36899948120117,1051.5,0
107,2017-05-06 13:21:07,5804,22.3700008392334,1051.5,0
108,2017-05-06 13:21:13,5810,22.36899948120117,1051.5,0
109,2017-05-06 13:21:18,5815,22.36899948120117,1051.5,0
110,2017-05-06 13:21:24,5821,22.36899948120117,1051.5,0
111,2017-05-06 13:21:29,5826,22.3700008392334,1051.5,0
112,2017-05-06 13:21:35,5832,22.36899948120117,1051.5,0
113,2017-05-06 13:21:40,5837,22.3700008392334,1051.5,0
114,2017-05-06 13:21:45,5842,22.3700008392334,1051.5,0
115,2017-05-06 13:21:50,5847,22.371000289916992,1051.5,0
116,2017-05-06 13:21:57,5854,22.37299919128418,1051.5,0
117,2017-05-06 13:22:02,5859,22.37299919128418,1051.5,0
118,2017-05-06 13:22:07,5864,22.375,1051.5,0
119,2017-05-06 13:22:13,5870,22.375,1051.5,0
120,2017-05-06 13:22:19,5876,22.374000549316406,1051.5,0
121,2017-05-06 13:22:24,5881,22.375,1051.5,0
122,2017-05-06 13:22:29,5886,22.375,1051.5,0
123,2017-05-06 13:22:34,5891,22.375,1051.5,0
124,2017-05-06 13:22:40,5897,22.375,1051.5,0
125,2017-05-06 13:22:45,5902,22.375999450683594,1051.5,0
126,2017-05-06 13:22:51,5908,22.37700080871582,1051.5,0
127,2017-05-06 13:22:57,5914,22.375999450683594,1051.5,0
128,2017-05-06 13:23:03,5920,22.37700080871582,1051.5,0
129,2017-05-06 13:23:08,5925,22.37700080871582,1051.5,0
130,2017-05-06 13:23:14,5931,22.37700080871582,1051.5,0
131,2017-05-06 13:23:19,5936,22.37700080871582,1051.5,0
132,2017-05-06 13:23:24,5941,22.378999710083008,1051.5,0
133,2017-05-06 13:23:29,5946,22.3799991607666,1051.5,0
134,2017-05-06 13:23:35,5952,22.3799991607666,1051.5,0
135,2017-05-06 13:23:40,5957,22.3799991607666,1051.5,0
136,2017-05-06 13:23:46,5963,22.3799991607666,1051.5,0
137,2017-05-06 13:23:51,5968,22.381999969482425,1051.5,0
138,2017-05-06 13:23:56,5973,22.3799991607666,1051.5,0
139,2017-05-06 13:24:01,5978,22.3799991607666,1051.5,0
140,2017-05-06 13:24:06,5983,22.3799991607666,1051.5,0
141,2017-05-06 13:24:12,5989,22.3799991607666,1051.5,0
142,2017-05-06 13:24:17,5994,22.378999710083008,1051.5,0
143,2017-05-06 13:24:23,6000,22.378000259399414,1051.5,0
144,2017-05-06 13:24:28,6005,22.378000259399414,1051.5,0
145,2017-05-06 13:24:34,6011,22.378999710083008,1051.5,0
146,2017-05-06 13:24:40,6017,22.378999710083008,1051.5,0
147,2017-05-06 13:24:46,6023,22.3799991607666,1051.5,0
148,2017-05-06 13:24:52,6029,22.3799991607666,1051.5,0
149,2017-05-06 13:24:58,6035,22.378999710083008,1051.5,0
150,2017-05-06 13:25:03,6040,22.3799991607666,1051.5,0
151,2017-05-06 13:25:08,6045,22.3799991607666,1051.5,0
152,2017-05-06 13:25:14,6051,22.3799991607666,1051.5,0
153,2017-05-06 13:25:19,6056,22.3799991607666,1051.5,0
154,2017-05-06 13:25:25,6062,22.3799991607666,1051.5,0
155,2017-05-06 13:25:31,6068,22.3799991607666,1051.5,0
156,2017-05-06 13:25:37,6074,22.378999710083008,1051.5,0
157,2017-05-06 13:25:42,6079,22.381000518798828,1051.5,0
158,2017-05-06 13:25:48,6085,22.378999710083008,1051.5,0
159,2017-05-06 13:25:54,6091,22.378999710083008,1051.5,0
160,2017-05-06 13:26:00,6097,22.378000259399414,1051.5,0
161,2017-05-06 13:26:05,6102,22.378000259399414,1051.5,0
162,2017-05-06 13:26:10,6107,22.378999710083008,1051.5,0
163,2017-05-06 13:26:15,6112,22.3799991607666,1051.5,0
164,2017-05-06 13:26:20,6117,22.3799991607666,1051.5,0
165,2017-05-06 13:26:26,6123,22.3799991607666,1051.5,0
166,2017-05-06 13:26:31,6128,22.3799991607666,1051.5,0
167,2017-05-06 13:26:37,6134,22.381000518798828,1051.5,0
168,2017-05-06 13:26:42,6139,22.381999969482425,1051.5,0
169,2017-05-06 13:26:48,6145,22.382999420166016,1051.5,0
170,2017-05-06 13:26:54,6151,22.382999420166016,1051.5,0
171,2017-05-06 13:27:00,6157,22.38500022888184,1051.5,0
172,2017-05-06 13:27:05,6162,22.38500022888184,1051.5,0
173,2017-05-06 13:27:10,6167,22.38500022888184,1051.5,0
174,2017-05-06 13:27:17,6174,22.38500022888184,1051.5,0
175,2017-05-06 13:27:23,6180,22.38400077819824,1051.5,0
176,2017-05-06 13:27:28,6185,22.38500022888184,1051.5,0
177,2017-05-06 13:27:34,6191,22.38500022888184,1051.5,0
178,2017-05-06 13:27:39,6196,22.386999130249023,1051.5,0
179,2017-05-06 13:27:45,6202,22.386999130249023,1051.5,0
180,2017-05-06 13:27:50,6207,22.38599967956543,1051.5,0
181,2017-05-06 13:27:56,6213,22.386999130249023,1051.5,0
182,2017-05-06 13:28:01,6218,22.38800048828125,1051.5,0
183,2017-05-06 13:28:06,6223,22.38800048828125,1051.5,0
184,2017-05-06 13:28:11,6228,22.388999938964844,1051.5,0
185,2017-05-06 13:28:17,6234,22.38800048828125,1051.5,0
186,2017-05-06 13:28:23,6240,22.38999938964844,1051.5,0
187,2017-05-06 13:28:28,6245,22.388999938964844,1051.5,0
188,2017-05-06 13:28:33,6250,22.38999938964844,1051.5,0
189,2017-05-06 13:28:39,6256,22.391000747680664,1051.5,0
190,2017-05-06 13:28:44,6261,22.392000198364254,1051.5,0
191,2017-05-06 13:28:49,6266,22.391000747680664,1051.5,0
192,2017-05-06 13:28:54,6271,22.392000198364254,1051.5,0
193,2017-05-06 13:29:00,6277,22.39299964904785,1051.5,0
194,2017-05-06 13:29:06,6283,22.39299964904785,1051.5,0
195,2017-05-06 13:29:12,6289,22.393999099731445,1051.5,0
196,2017-05-06 13:29:18,6295,22.395000457763672,1051.5,0
197,2017-05-06 13:29:24,6301,22.395000457763672,1051.5,0
198,2017-05-06 13:29:29,6306,22.395000457763672,1051.5,0
199,2017-05-06 13:29:34,6311,22.395000457763672,1051.5,0
200,2017-05-06 13:29:40,6317,22.395999908447266,1051.5,0
201,2017-05-06 13:29:46,6323,22.395999908447266,1051.5,0
202,2017-05-06 13:29:51,6328,22.39699935913086,1051.5,0
203,2017-05-06 13:29:57,6334,22.398000717163086,1051.5,0
204,2017-05-06 13:30:02,6339,22.398000717163086,1051.5,0
205,2017-05-06 13:30:08,6345,22.39699935913086,1051.5,0
206,2017-05-06 13:30:13,6350,22.395999908447266,1051.5,0
207,2017-05-06 13:30:19,6356,22.39699935913086,1051.5,0
208,2017-05-06 13:30:24,6361,22.395999908447266,1051.5,0
209,2017-05-06 13:30:29,6366,22.39699935913086,1051.5,0
210,2017-05-06 13:30:35,6372,22.39699935913086,1051.5,0
0,2017-05-06 13:30:39,6376,22.39699935913086,1051.5,0
1,2017-05-06 13:30:41,6378,22.398000717163086,1051.5,0
2,2017-05-06 13:30:45,6382,22.398000717163086,1051.5,0
3,2017-05-06 13:30:50,6387,22.399999618530273,1051.5,0
4,2017-05-06 13:30:55,6392,22.39900016784668,1051.5,0
5,2017-05-06 13:31:00,6397,22.398000717163086,1051.5,0
6,2017-05-06 13:31:05,6402,22.39900016784668,1051.5,0
7,2017-05-06 13:31:10,6407,22.39900016784668,1051.5,0
8,2017-05-06 13:31:16,6413,22.398000717163086,1051.5,0
9,2017-05-06 13:31:21,6418,22.39900016784668,1051.5,0
10,2017-05-06 13:31:27,6424,22.399999618530273,1051.5,0
11,2017-05-06 13:31:32,6429,22.400999069213867,1051.5,0
12,2017-05-06 13:31:38,6435,22.399999618530273,1051.5,0
13,2017-05-06 13:31:43,6440,22.39900016784668,1051.5,0
14,2017-05-06 13:31:49,6446,22.400999069213867,1051.5,0
15,2017-05-06 13:31:55,6452,22.399999618530273,1051.5,0
16,2017-05-06 13:32:00,6457,22.400999069213867,1051.5,0
17,2017-05-06 13:32:06,6463,22.402000427246094,1051.5,0
18,2017-05-06 13:32:11,6468,22.402000427246094,1051.5,0
19,2017-05-06 13:32:17,6474,22.402000427246094,1051.5,0
20,2017-05-06 13:32:22,6479,22.400999069213867,1051.5,0
21,2017-05-06 13:32:27,6484,22.402000427246094,1051.5,0
22,2017-05-06 13:32:32,6489,22.402000427246094,1051.5,0
23,2017-05-06 13:32:38,6495,22.402000427246094,1051.5,0
24,2017-05-06 13:32:43,6500,22.402000427246094,1051.5,0
25,2017-05-06 13:32:49,6506,22.402000427246094,1051.5,0
26,2017-05-06 13:32:54,6511,22.402999877929688,1051.5,0
27,2017-05-06 13:33:00,6517,22.402000427246094,1051.5,0
28,2017-05-06 13:33:06,6523,22.4060001373291,1051.5,0
29,2017-05-06 13:33:11,6528,22.405000686645508,1051.5,0
30,2017-05-06 13:33:17,6534,22.4060001373291,1051.5,0
31,2017-05-06 13:33:23,6540,22.405000686645508,1051.5,0
32,2017-05-06 13:33:29,6546,22.4060001373291,1051.5,0
33,2017-05-06 13:33:34,6551,22.405000686645508,1051.5,0
34,2017-05-06 13:33:39,6556,22.405000686645508,1051.5,0
35,2017-05-06 13:33:45,6562,22.4060001373291,1051.5,0
36,2017-05-06 13:33:50,6567,22.40699958801269,1051.5,0
37,2017-05-06 13:33:56,6573,22.4060001373291,1051.5,0
38,2017-05-06 13:34:01,6578,22.40699958801269,1051.5,0
39,2017-05-06 13:34:07,6584,22.40699958801269,1051.5,0
40,2017-05-06 13:34:12,6589,22.4060001373291,1051.5,0
41,2017-05-06 13:34:18,6595,22.408000946044922,1051.5,0
42,2017-05-06 13:34:24,6601,22.40699958801269,1051.5,0
43,2017-05-06 13:34:29,6606,22.40900039672852,1051.5,0
44,2017-05-06 13:34:35,6612,22.410999298095703,1051.5,0
45,2017-05-06 13:34:40,6617,22.40999984741211,1051.5,0
46,2017-05-06 13:34:46,6623,22.40999984741211,1051.5,0
47,2017-05-06 13:34:52,6629,22.410999298095703,1051.5,0
48,2017-05-06 13:34:58,6635,22.410999298095703,1051.5,0
49,2017-05-06 13:35:04,6641,22.41200065612793,1051.5,0
50,2017-05-06 13:35:09,6646,22.41200065612793,1051.5,0
51,2017-05-06 13:35:15,6652,22.41200065612793,1051.5,0
52,2017-05-06 13:35:20,6657,22.40999984741211,1051.5,0
53,2017-05-06 13:35:26,6663,22.410999298095703,1051.5,0
54,2017-05-06 13:35:31,6668,22.410999298095703,1051.5,0
55,2017-05-06 13:35:37,6674,22.41200065612793,1051.5,0
56,2017-05-06 13:35:42,6679,22.413000106811523,1051.5,0
57,2017-05-06 13:35:47,6684,22.413000106811523,1051.5,0
58,2017-05-06 13:35:53,6690,22.41200065612793,1051.5,0
59,2017-05-06 13:35:58,6695,22.41200065612793,1051.5,0
60,2017-05-06 13:36:03,6700,22.413000106811523,1051.5,0
61,2017-05-06 13:36:09,6706,22.413000106811523,1051.5,0
62,2017-05-06 13:36:15,6712,22.41399955749512,1051.5,0
63,2017-05-06 13:36:21,6718,22.413000106811523,1051.5,0
64,2017-05-06 13:36:27,6724,22.41399955749512,1051.5,0
65,2017-05-06 13:36:32,6729,22.41399955749512,1051.5,0
66,2017-05-06 13:36:38,6735,22.415000915527344,1051.5,0
67,2017-05-06 13:36:43,6740,22.41399955749512,1051.5,0
68,2017-05-06 13:36:49,6746,22.416000366210934,1051.5,0
69,2017-05-06 13:36:55,6752,22.415000915527344,1051.5,0
70,2017-05-06 13:37:00,6757,22.416000366210934,1051.5,0
71,2017-05-06 13:37:05,6762,22.416000366210934,1051.5,0
72,2017-05-06 13:37:11,6768,22.415000915527344,1051.5,0
73,2017-05-06 13:37:16,6773,22.41699981689453,1051.5,0
74,2017-05-06 13:37:22,6779,22.41699981689453,1051.5,0
75,2017-05-06 13:37:28,6785,22.417999267578125,1051.5,0
76,2017-05-06 13:37:33,6790,22.41699981689453,1051.5,0
77,2017-05-06 13:37:39,6796,22.41699981689453,1051.5,0
78,2017-05-06 13:37:44,6801,22.41699981689453,1051.5,0
79,2017-05-06 13:37:49,6806,22.417999267578125,1051.5,0
80,2017-05-06 13:37:55,6812,22.41699981689453,1051.5,0
81,2017-05-06 13:38:00,6817,22.41900062561035,1051.5,0
82,2017-05-06 13:38:05,6822,22.41900062561035,1051.5,0
83,2017-05-06 13:38:11,6828,22.420000076293945,1051.5,0
84,2017-05-06 13:38:16,6833,22.420000076293945,1051.5,0
85,2017-05-06 13:38:22,6839,22.420000076293945,1051.5,0
86,2017-05-06 13:38:28,6845,22.42099952697754,1051.5,0
87,2017-05-06 13:38:33,6850,22.420000076293945,1051.5,0
88,2017-05-06 13:38:39,6856,22.42099952697754,1051.5,0
89,2017-05-06 13:38:45,6862,22.42300033569336,1051.5,0
90,2017-05-06 13:38:51,6868,22.42099952697754,1051.5,0
91,2017-05-06 13:38:56,6873,22.42099952697754,1051.5,0
92,2017-05-06 13:39:01,6878,22.423999786376953,1051.5,0
93,2017-05-06 13:39:06,6883,22.42300033569336,1051.5,0
94,2017-05-06 13:39:12,6889,22.422000885009766,1051.5,0
95,2017-05-06 13:39:17,6894,22.422000885009766,1051.5,0
96,2017-05-06 13:39:22,6899,22.422000885009766,1051.5,0
97,2017-05-06 13:39:28,6905,22.422000885009766,1051.5,0
98,2017-05-06 13:39:35,6912,22.42300033569336,1051.5,0
99,2017-05-06 13:39:41,6918,22.422000885009766,1051.5,0
100,2017-05-06 13:39:47,6924,22.42300033569336,1051.5,0
101,2017-05-06 13:39:53,6930,22.423999786376953,1051.5,0
102,2017-05-06 13:39:59,6936,22.422000885009766,1051.5,0
103,2017-05-06 13:40:04,6941,22.42300033569336,1051.5,0
104,2017-05-06 13:40:09,6946,22.423999786376953,1051.5,0
105,2017-05-06 13:40:15,6952,22.424999237060547,1051.5,0
106,2017-05-06 13:40:20,6957,22.423999786376953,1051.5,0
107,2017-05-06 13:40:28,6965,22.42300033569336,1051.5,0
108,2017-05-06 13:40:33,6970,22.42300033569336,1051.5,0
109,2017-05-06 13:40:38,6975,22.423999786376953,1051.5,0
110,2017-05-06 13:40:43,6980,22.423999786376953,1051.5,0
111,2017-05-06 13:40:49,6986,22.42300033569336,1051.5,0
112,2017-05-06 13:40:54,6991,22.42300033569336,1051.5,0
113,2017-05-06 13:40:59,6996,22.424999237060547,1051.5,0
114,2017-05-06 13:41:04,7001,22.423999786376953,1051.5,0
115,2017-05-06 13:41:09,7006,22.422000885009766,1051.5,0
116,2017-05-06 13:41:14,7011,22.42300033569336,1051.5,0
117,2017-05-06 13:41:21,7018,22.423999786376953,1051.5,0
118,2017-05-06 13:41:27,7024,22.422000885009766,1051.5,0
119,2017-05-06 13:41:32,7029,22.422000885009766,1051.5,0
120,2017-05-06 13:41:38,7035,22.422000885009766,1051.5,0
121,2017-05-06 13:41:44,7041,22.42099952697754,1051.5,0
122,2017-05-06 13:41:50,7047,22.420000076293945,1051.5,0
123,2017-05-06 13:41:55,7052,22.42300033569336,1051.5,0
124,2017-05-06 13:42:01,7058,22.422000885009766,1051.5,0
125,2017-05-06 13:42:06,7063,22.42300033569336,1051.5,0
126,2017-05-06 13:42:14,7071,22.423999786376953,1051.5,0
127,2017-05-06 13:42:20,7077,22.424999237060547,1051.5,0
128,2017-05-06 13:42:25,7082,22.424999237060547,1051.5,0
129,2017-05-06 13:42:31,7088,22.424999237060547,1051.5,0
130,2017-05-06 13:42:36,7093,22.424999237060547,1051.5,0
131,2017-05-06 13:42:42,7099,22.424999237060547,1051.5,0
132,2017-05-06 13:42:48,7105,22.423999786376953,1051.5,0
133,2017-05-06 13:42:53,7110,22.423999786376953,1051.5,0
134,2017-05-06 13:42:58,7115,22.423999786376953,1051.5,0
135,2017-05-06 13:43:03,7120,22.426000595092773,1051.5,0
136,2017-05-06 13:43:08,7125,22.424999237060547,1051.5,0
137,2017-05-06 13:43:14,7131,22.427000045776367,1051.5,0
138,2017-05-06 13:43:20,7137,22.42799949645996,1051.5,0
139,2017-05-06 13:43:25,7142,22.42799949645996,1051.5,0
140,2017-05-06 13:43:31,7148,22.429000854492188,1051.5,0
141,2017-05-06 13:43:36,7153,22.43099975585937,1051.5,0
142,2017-05-06 13:43:42,7159,22.43099975585937,1051.5,0
143,2017-05-06 13:43:47,7164,22.43099975585937,1051.5,0
144,2017-05-06 13:43:52,7169,22.43099975585937,1051.5,0
145,2017-05-06 13:44:00,7177,22.43099975585937,1051.5,0
146,2017-05-06 13:44:06,7183,22.43199920654297,1051.5,0
147,2017-05-06 13:44:12,7189,22.43199920654297,1051.5,0
148,2017-05-06 13:44:18,7195,22.43199920654297,1051.5,0
149,2017-05-06 13:44:23,7200,22.433000564575195,1051.5,0
150,2017-05-06 13:44:28,7205,22.433000564575195,1051.5,0
151,2017-05-06 13:44:33,7210,22.43400001525879,1051.5,0
152,2017-05-06 13:44:38,7215,22.43400001525879,1051.5,0
153,2017-05-06 13:44:44,7221,22.43600082397461,1051.5,0
154,2017-05-06 13:44:50,7227,22.434999465942386,1051.5,0
155,2017-05-06 13:44:55,7232,22.43600082397461,1051.5,0
156,2017-05-06 13:45:01,7238,22.437000274658203,1051.5,0
157,2017-05-06 13:45:06,7243,22.4379997253418,1051.5,0
158,2017-05-06 13:45:12,7249,22.43600082397461,1051.5,0
159,2017-05-06 13:45:17,7254,22.437000274658203,1051.5,0
160,2017-05-06 13:45:22,7259,22.43600082397461,1051.5,0
161,2017-05-06 13:45:28,7265,22.437000274658203,1051.5,0
162,2017-05-06 13:45:33,7270,22.437000274658203,1051.5,0
163,2017-05-06 13:45:38,7275,22.437000274658203,1051.5,0
164,2017-05-06 13:45:44,7281,22.437000274658203,1051.5,0
165,2017-05-06 13:45:49,7286,22.4379997253418,1051.5,0
166,2017-05-06 13:45:54,7291,22.43899917602539,1051.5,0
167,2017-05-06 13:46:00,7297,22.43899917602539,1051.5,0
168,2017-05-06 13:46:05,7302,22.43899917602539,1051.5,0
169,2017-05-06 13:46:11,7308,22.440000534057614,1051.5,0
170,2017-05-06 13:46:16,7313,22.43899917602539,1051.5,0
171,2017-05-06 13:46:21,7318,22.440000534057614,1051.5,0
172,2017-05-06 13:46:27,7324,22.440000534057614,1051.5,0
173,2017-05-06 13:46:32,7329,22.44099998474121,1051.5,0
174,2017-05-06 13:46:37,7334,22.440000534057614,1051.5,0
175,2017-05-06 13:46:42,7339,22.440000534057614,1051.5,0
176,2017-05-06 13:46:47,7344,22.44099998474121,1051.5,0
177,2017-05-06 13:46:53,7350,22.44099998474121,1051.5,0
178,2017-05-06 13:46:58,7355,22.44099998474121,1051.5,0
179,2017-05-06 13:47:03,7360,22.44300079345703,1051.5,0
180,2017-05-06 13:47:08,7365,22.441999435424805,1051.5,0
181,2017-05-06 13:47:13,7370,22.44300079345703,1051.5,0
182,2017-05-06 13:47:18,7375,22.44300079345703,1051.5,0
183,2017-05-06 13:47:24,7381,22.44300079345703,1051.5,0
184,2017-05-06 13:47:29,7386,22.444000244140625,1051.5,0
185,2017-05-06 13:47:34,7391,22.44499969482422,1051.5,0
186,2017-05-06 13:47:40,7397,22.444000244140625,1051.5,0
187,2017-05-06 13:47:46,7403,22.44499969482422,1051.5,0
188,2017-05-06 13:47:51,7408,22.44499969482422,1051.5,0
189,2017-05-06 13:47:57,7414,22.44499969482422,1051.5,0
190,2017-05-06 13:48:03,7420,22.44599914550781,1051.5,0
191,2017-05-06 13:48:09,7426,22.44700050354004,1051.5,0
192,2017-05-06 13:48:15,7432,22.44700050354004,1051.5,0
193,2017-05-06 13:48:21,7438,22.44700050354004,1051.5,0
194,2017-05-06 13:48:27,7444,22.447999954223636,1051.5,0
195,2017-05-06 13:48:33,7450,22.447999954223636,1051.5,0
196,2017-05-06 13:48:38,7455,22.44700050354004,1051.5,0
197,2017-05-06 13:48:44,7461,22.447999954223636,1051.5,0
198,2017-05-06 13:48:50,7467,22.447999954223636,1051.5,0
199,2017-05-06 13:48:56,7473,22.447999954223636,1051.5,0
200,2017-05-06 13:49:02,7479,22.447999954223636,1051.5,0
201,2017-05-06 13:49:08,7485,22.448999404907227,1051.5,0
202,2017-05-06 13:49:13,7490,22.450000762939453,1051.5,0
203,2017-05-06 13:49:20,7497,22.448999404907227,1051.5,0
204,2017-05-06 13:49:26,7503,22.450000762939453,1051.5,0
205,2017-05-06 13:49:32,7509,22.451000213623047,1051.5,0
206,2017-05-06 13:49:38,7515,22.45199966430664,1051.5,0
207,2017-05-06 13:49:43,7520,22.451000213623047,1051.5,0
208,2017-05-06 13:49:48,7525,22.451000213623047,1051.5,0
209,2017-05-06 13:49:53,7530,22.45199966430664,1051.5,0
210,2017-05-06 13:49:58,7535,22.452999114990234,1051.5,0
0,2017-05-06 13:50:01,7538,22.45199966430664,1051.5,0
1,2017-05-06 13:50:04,7541,22.451000213623047,1051.5,0
2,2017-05-06 13:50:06,7543,22.452999114990234,1051.5,0
3,2017-05-06 13:50:12,7549,22.452999114990234,1051.5,0
4,2017-05-06 13:50:18,7555,22.452999114990234,1051.5,0
5,2017-05-06 13:50:24,7561,22.45400047302246,1051.5,0
6,2017-05-06 13:50:30,7567,22.45400047302246,1051.5,0
7,2017-05-06 13:50:35,7572,22.45499992370605,1051.5,0
8,2017-05-06 13:50:41,7578,22.45499992370605,1051.5,0
9,2017-05-06 13:50:46,7583,22.45400047302246,1051.5,0
10,2017-05-06 13:50:52,7589,22.45599937438965,1051.5,0
11,2017-05-06 13:50:59,7596,22.45499992370605,1051.5,0
12,2017-05-06 13:51:05,7602,22.45499992370605,1051.5,0
13,2017-05-06 13:51:11,7608,22.45599937438965,1051.5,0
14,2017-05-06 13:51:17,7614,22.457000732421875,1051.5,0
15,2017-05-06 13:51:22,7619,22.45599937438965,1051.5,0
16,2017-05-06 13:51:28,7625,22.457000732421875,1051.5,0
17,2017-05-06 13:51:34,7631,22.45800018310547,1051.5,0
18,2017-05-06 13:51:39,7636,22.45800018310547,1051.5,0
19,2017-05-06 13:51:44,7641,22.458999633789066,1051.5,0
20,2017-05-06 13:51:49,7646,22.458999633789066,1051.5,0
21,2017-05-06 13:51:55,7652,22.461000442504886,1051.5,0
22,2017-05-06 13:52:00,7657,22.459999084472656,1051.5,0
23,2017-05-06 13:52:05,7662,22.461000442504886,1051.5,0
24,2017-05-06 13:52:10,7667,22.459999084472656,1051.5,0
25,2017-05-06 13:52:16,7673,22.459999084472656,1051.5,0
26,2017-05-06 13:52:22,7679,22.461000442504886,1051.5,0
27,2017-05-06 13:52:28,7685,22.461000442504886,1051.5,0
28,2017-05-06 13:52:33,7690,22.46299934387207,1051.5,0
29,2017-05-06 13:52:38,7695,22.46199989318848,1051.5,0
30,2017-05-06 13:52:45,7702,22.46199989318848,1051.5,0
31,2017-05-06 13:52:51,7708,22.46199989318848,1051.5,0
32,2017-05-06 13:52:56,7713,22.46299934387207,1051.5,0
33,2017-05-06 13:53:02,7719,22.464000701904297,1051.5,0
34,2017-05-06 13:53:07,7724,22.464000701904297,1051.5,0
35,2017-05-06 13:53:12,7729,22.464000701904297,1051.5,0
36,2017-05-06 13:53:17,7734,22.46500015258789,1051.5,0
37,2017-05-06 13:53:22,7739,22.465999603271484,1051.5,0
38,2017-05-06 13:53:28,7745,22.465999603271484,1051.5,0
39,2017-05-06 13:53:33,7750,22.465999603271484,1051.5,0
40,2017-05-06 13:53:38,7755,22.465999603271484,1051.5,0
41,2017-05-06 13:53:44,7761,22.465999603271484,1051.5,0
42,2017-05-06 13:53:49,7766,22.468000411987305,1051.5,0
43,2017-05-06 13:53:54,7771,22.468000411987305,1051.5,0
44,2017-05-06 13:53:59,7776,22.468000411987305,1051.5,0
45,2017-05-06 13:54:04,7781,22.468000411987305,1051.5,0
46,2017-05-06 13:54:09,7786,22.468000411987305,1051.5,0
47,2017-05-06 13:54:14,7791,22.46999931335449,1051.5,0
48,2017-05-06 13:54:19,7796,22.4689998626709,1051.5,0
49,2017-05-06 13:54:24,7801,22.4689998626709,1051.5,0
50,2017-05-06 13:54:31,7808,22.4689998626709,1051.5,0
51,2017-05-06 13:54:37,7814,22.4689998626709,1051.5,0
52,2017-05-06 13:54:42,7819,22.46999931335449,1051.5,0
53,2017-05-06 13:54:47,7824,22.47100067138672,1051.5,0
54,2017-05-06 13:54:52,7829,22.4689998626709,1051.5,0
55,2017-05-06 13:54:58,7835,22.4689998626709,1051.5,0
56,2017-05-06 13:55:03,7840,22.47100067138672,1051.5,0
57,2017-05-06 13:55:08,7845,22.472000122070312,1051.5,0
58,2017-05-06 13:55:14,7851,22.472000122070312,1051.5,0
59,2017-05-06 13:55:19,7856,22.472000122070312,1051.5,0
60,2017-05-06 13:55:25,7862,22.47100067138672,1051.5,0
61,2017-05-06 13:55:30,7867,22.47100067138672,1051.5,0
62,2017-05-06 13:55:35,7872,22.47100067138672,1051.5,0
63,2017-05-06 13:55:40,7877,22.472000122070312,1051.5,0
64,2017-05-06 13:55:45,7882,22.47100067138672,1051.5,0
65,2017-05-06 13:55:51,7888,22.472000122070312,1051.5,0
66,2017-05-06 13:55:56,7893,22.472999572753906,1051.5,0
67,2017-05-06 13:56:02,7899,22.474000930786133,1051.5,0
68,2017-05-06 13:56:07,7904,22.474000930786133,1051.5,0
69,2017-05-06 13:56:13,7910,22.472999572753906,1051.5,0
70,2017-05-06 13:56:19,7916,22.474000930786133,1051.5,0
71,2017-05-06 13:56:24,7921,22.475000381469727,1051.5,0
72,2017-05-06 13:56:30,7927,22.475000381469727,1051.5,0
73,2017-05-06 13:56:36,7933,22.475000381469727,1051.5,0
74,2017-05-06 13:56:41,7938,22.475000381469727,1051.5,0
75,2017-05-06 13:56:47,7944,22.47599983215332,1051.5,0
76,2017-05-06 13:56:53,7950,22.47599983215332,1051.5,0
77,2017-05-06 13:56:59,7956,22.476999282836914,1051.5,0
78,2017-05-06 13:57:05,7962,22.476999282836914,1051.5,0
79,2017-05-06 13:57:10,7967,22.47800064086914,1051.5,0
80,2017-05-06 13:57:15,7972,22.47800064086914,1051.5,0
81,2017-05-06 13:57:21,7978,22.476999282836914,1051.5,0
82,2017-05-06 13:57:26,7983,22.47800064086914,1051.5,0
83,2017-05-06 13:57:32,7989,22.479000091552734,1051.5,0
84,2017-05-06 13:57:37,7994,22.479999542236328,1051.5,0
85,2017-05-06 13:57:43,8000,22.479999542236328,1051.5,0
86,2017-05-06 13:57:49,8006,22.479999542236328,1051.5,0
87,2017-05-06 13:57:55,8012,22.481000900268555,1051.5,0
88,2017-05-06 13:58:01,8018,22.481000900268555,1051.5,0
89,2017-05-06 13:58:06,8023,22.479999542236328,1051.5,0
90,2017-05-06 13:58:12,8029,22.48200035095215,1051.5,0
91,2017-05-06 13:58:17,8034,22.48200035095215,1051.5,0
92,2017-05-06 13:58:23,8040,22.482999801635746,1051.5,0
93,2017-05-06 13:58:29,8046,22.482999801635746,1051.5,0
94,2017-05-06 13:58:35,8052,22.48200035095215,1051.5,0
95,2017-05-06 13:58:41,8058,22.483999252319336,1051.5,0
96,2017-05-06 13:58:47,8064,22.483999252319336,1051.5,0
97,2017-05-06 13:58:52,8069,22.48500061035156,1051.5,0
98,2017-05-06 13:58:58,8075,22.48600006103516,1051.5,0
99,2017-05-06 13:59:04,8081,22.48500061035156,1051.5,0
100,2017-05-06 13:59:10,8087,22.48600006103516,1051.5,0
101,2017-05-06 13:59:16,8093,22.48500061035156,1051.5,0
102,2017-05-06 13:59:21,8098,22.48699951171875,1051.5,0
103,2017-05-06 13:59:26,8103,22.48500061035156,1051.5,0
104,2017-05-06 13:59:31,8108,22.48600006103516,1051.5,0
105,2017-05-06 13:59:37,8114,22.48600006103516,1051.5,0
106,2017-05-06 13:59:43,8120,22.48600006103516,1051.5,0
107,2017-05-06 13:59:50,8127,22.48699951171875,1051.5,0
108,2017-05-06 13:59:56,8133,22.48500061035156,1051.5,0
109,2017-05-06 14:00:01,8138,22.48600006103516,1051.5,0
110,2017-05-06 14:00:07,8144,22.48600006103516,1051.5,0
111,2017-05-06 14:00:12,8149,22.48600006103516,1051.5,0
112,2017-05-06 14:00:18,8155,22.48699951171875,1051.5,0
113,2017-05-06 14:00:23,8160,22.48699951171875,1051.5,0
114,2017-05-06 14:00:28,8165,22.48699951171875,1051.5,0
115,2017-05-06 14:00:33,8170,22.48699951171875,1051.5,0
116,2017-05-06 14:00:39,8176,22.48500061035156,1051.5,0
117,2017-05-06 14:00:44,8181,22.48500061035156,1051.5,0
118,2017-05-06 14:00:49,8186,22.48600006103516,1051.5,0
119,2017-05-06 14:00:55,8192,22.48699951171875,1051.5,0
120,2017-05-06 14:01:01,8198,22.48699951171875,1051.5,0
121,2017-05-06 14:01:06,8203,22.488000869750977,1051.5,0
122,2017-05-06 14:01:12,8209,22.488000869750977,1051.5,0
123,2017-05-06 14:01:17,8214,22.48900032043457,1051.5,0
124,2017-05-06 14:01:23,8220,22.489999771118164,1051.5,0
125,2017-05-06 14:01:28,8225,22.488000869750977,1051.5,0
126,2017-05-06 14:01:36,8233,22.489999771118164,1051.5,0
127,2017-05-06 14:01:42,8239,22.49099922180176,1051.5,0
128,2017-05-06 14:01:48,8245,22.489999771118164,1051.5,0
129,2017-05-06 14:01:53,8250,22.49099922180176,1051.5,0
130,2017-05-06 14:01:58,8255,22.49099922180176,1051.5,0
131,2017-05-06 14:02:04,8261,22.492000579833984,1051.5,0
132,2017-05-06 14:02:09,8266,22.492000579833984,1051.5,0
133,2017-05-06 14:02:15,8272,22.492000579833984,1051.5,0
134,2017-05-06 14:02:21,8278,22.493000030517575,1051.5,0
135,2017-05-06 14:02:29,8286,22.49399948120117,1051.5,0
136,2017-05-06 14:02:35,8292,22.493000030517575,1051.5,0
137,2017-05-06 14:02:40,8297,22.493000030517575,1051.5,0
138,2017-05-06 14:02:46,8303,22.49399948120117,1051.5,0
139,2017-05-06 14:02:51,8308,22.4950008392334,1051.5,0
140,2017-05-06 14:02:57,8314,22.49399948120117,1051.5,0
141,2017-05-06 14:03:03,8320,22.4950008392334,1051.5,0
142,2017-05-06 14:03:08,8325,22.49399948120117,1051.5,0
143,2017-05-06 14:03:14,8331,22.4950008392334,1051.5,0
144,2017-05-06 14:03:22,8339,22.4950008392334,1051.5,0
145,2017-05-06 14:03:28,8345,22.496999740600586,1051.5,0
146,2017-05-06 14:03:34,8351,22.496000289916992,1051.5,0
147,2017-05-06 14:03:40,8357,22.496000289916992,1051.5,0
148,2017-05-06 14:03:46,8363,22.4950008392334,1051.5,0
149,2017-05-06 14:03:52,8369,22.496999740600586,1051.5,0
150,2017-05-06 14:03:57,8374,22.49799919128418,1051.5,0
151,2017-05-06 14:04:02,8379,22.49799919128418,1051.5,0
152,2017-05-06 14:04:07,8384,22.49799919128418,1051.5,0
153,2017-05-06 14:04:16,8393,22.499000549316406,1051.5,0
154,2017-05-06 14:04:22,8399,22.49799919128418,1051.5,0
155,2017-05-06 14:04:28,8405,22.49799919128418,1051.5,0
156,2017-05-06 14:04:33,8410,22.5,1051.5,0
157,2017-05-06 14:04:38,8415,22.5,1051.5,0
158,2017-05-06 14:04:44,8421,22.5,1051.5,0
159,2017-05-06 14:04:50,8427,22.5,1051.5,0
160,2017-05-06 14:04:55,8432,22.500999450683594,1051.5,0
161,2017-05-06 14:05:00,8437,22.500999450683594,1051.5,0
162,2017-05-06 14:05:06,8443,22.503999710083008,1051.5,0
163,2017-05-06 14:05:11,8448,22.503000259399414,1051.5,0
164,2017-05-06 14:05:16,8453,22.5049991607666,1051.5,0
165,2017-05-06 14:05:22,8459,22.506000518798828,1051.5,0
166,2017-05-06 14:05:28,8465,22.5049991607666,1051.5,0
167,2017-05-06 14:05:33,8470,22.506000518798828,1051.5,0
168,2017-05-06 14:05:38,8475,22.506000518798828,1051.5,0
169,2017-05-06 14:05:43,8480,22.5049991607666,1051.5,0
170,2017-05-06 14:05:48,8485,22.5049991607666,1051.5,0
171,2017-05-06 14:05:54,8491,22.5049991607666,1051.5,0
172,2017-05-06 14:06:02,8499,22.507999420166016,1051.5,0
173,2017-05-06 14:06:07,8504,22.506999969482425,1051.5,0
174,2017-05-06 14:06:13,8510,22.506999969482425,1051.5,0
175,2017-05-06 14:06:18,8515,22.507999420166016,1051.5,0
176,2017-05-06 14:06:24,8521,22.507999420166016,1051.5,0
177,2017-05-06 14:06:29,8526,22.507999420166016,1051.5,0
178,2017-05-06 14:06:35,8532,22.507999420166016,1051.5,0
179,2017-05-06 14:06:40,8537,22.50900077819824,1051.5,0
180,2017-05-06 14:06:46,8543,22.507999420166016,1051.5,0
181,2017-05-06 14:06:52,8549,22.507999420166016,1051.5,0
182,2017-05-06 14:06:57,8554,22.507999420166016,1051.5,0
183,2017-05-06 14:07:02,8559,22.50900077819824,1051.5,0
184,2017-05-06 14:07:08,8565,22.507999420166016,1051.5,0
185,2017-05-06 14:07:14,8571,22.507999420166016,1051.5,0
186,2017-05-06 14:07:19,8576,22.507999420166016,1051.5,0
187,2017-05-06 14:07:24,8581,22.506999969482425,1051.5,0
188,2017-05-06 14:07:29,8586,22.506000518798828,1051.5,0
189,2017-05-06 14:07:34,8591,22.506000518798828,1051.5,0
190,2017-05-06 14:07:40,8597,22.506999969482425,1051.5,0
191,2017-05-06 14:07:48,8605,22.507999420166016,1051.5,0
192,2017-05-06 14:07:54,8611,22.507999420166016,1051.5,0
193,2017-05-06 14:08:00,8617,22.507999420166016,1051.5,0
194,2017-05-06 14:08:05,8622,22.507999420166016,1051.5,0
195,2017-05-06 14:08:11,8628,22.507999420166016,1051.5,0
196,2017-05-06 14:08:17,8634,22.50900077819824,1051.5,0
197,2017-05-06 14:08:22,8639,22.51000022888184,1051.5,0
198,2017-05-06 14:08:28,8645,22.507999420166016,1051.5,0
199,2017-05-06 14:08:34,8651,22.50900077819824,1051.5,0
200,2017-05-06 14:08:39,8656,22.50900077819824,1051.5,0
201,2017-05-06 14:08:44,8661,22.507999420166016,1051.5,0
202,2017-05-06 14:08:49,8666,22.51000022888184,1051.5,0
203,2017-05-06 14:08:55,8672,22.50900077819824,1051.5,0
204,2017-05-06 14:09:01,8678,22.507999420166016,1051.5,0
205,2017-05-06 14:09:06,8683,22.51000022888184,1051.5,0
206,2017-05-06 14:09:12,8689,22.50900077819824,1051.5,0
207,2017-05-06 14:09:17,8694,22.51000022888184,1051.5,0
208,2017-05-06 14:09:21,8698,22.51000022888184,1051.5,0
0,2017-05-06 14:09:24,8701,22.50900077819824,1051.5,0
1,2017-05-06 14:09:27,8704,22.50900077819824,1051.5,0
2,2017-05-06 14:09:30,8707,22.50900077819824,1051.5,0
3,2017-05-06 14:09:35,8712,22.51099967956543,1051.5,0
4,2017-05-06 14:09:40,8717,22.51000022888184,1051.5,0
5,2017-05-06 14:09:46,8723,22.51000022888184,1051.5,0
6,2017-05-06 14:09:52,8729,22.50900077819824,1051.5,0
7,2017-05-06 14:09:57,8734,22.51099967956543,1051.5,0
8,2017-05-06 14:10:03,8740,22.51099967956543,1051.5,0
9,2017-05-06 14:10:09,8746,22.511999130249023,1051.5,0
10,2017-05-06 14:10:14,8751,22.51300048828125,1051.5,0
11,2017-05-06 14:10:22,8759,22.511999130249023,1051.5,0
12,2017-05-06 14:10:27,8764,22.511999130249023,1051.5,0
13,2017-05-06 14:10:33,8770,22.51300048828125,1051.5,0
14,2017-05-06 14:10:39,8776,22.51300048828125,1051.5,0
15,2017-05-06 14:10:44,8781,22.513999938964844,1051.5,0
16,2017-05-06 14:10:50,8787,22.513999938964844,1051.5,0
17,2017-05-06 14:10:55,8792,22.513999938964844,1051.5,0
18,2017-05-06 14:11:00,8797,22.513999938964844,1051.5,0
19,2017-05-06 14:11:06,8803,22.51499938964844,1051.5,0
20,2017-05-06 14:11:12,8809,22.51300048828125,1051.5,0
21,2017-05-06 14:11:17,8814,22.513999938964844,1051.5,0
22,2017-05-06 14:11:23,8820,22.51499938964844,1051.5,0
23,2017-05-06 14:11:29,8826,22.517000198364254,1051.5,0
24,2017-05-06 14:11:34,8831,22.516000747680664,1051.5,0
25,2017-05-06 14:11:40,8837,22.51799964904785,1051.5,0
26,2017-05-06 14:11:45,8842,22.518999099731445,1051.5,0
27,2017-05-06 14:11:51,8848,22.516000747680664,1051.5,0
28,2017-05-06 14:11:56,8853,22.516000747680664,1051.5,0
29,2017-05-06 14:12:01,8858,22.517000198364254,1051.5,0
30,2017-05-06 14:12:08,8865,22.51799964904785,1051.5,0
31,2017-05-06 14:12:14,8871,22.51799964904785,1051.5,0
32,2017-05-06 14:12:20,8877,22.51799964904785,1051.5,0
33,2017-05-06 14:12:25,8882,22.518999099731445,1051.5,0
34,2017-05-06 14:12:30,8887,22.517000198364254,1051.5,0
35,2017-05-06 14:12:36,8893,22.518999099731445,1051.5,0
36,2017-05-06 14:12:42,8899,22.51799964904785,1051.5,0
37,2017-05-06 14:12:47,8904,22.518999099731445,1051.5,0
38,2017-05-06 14:12:53,8910,22.518999099731445,1051.5,0
39,2017-05-06 14:12:58,8915,22.520000457763672,1051.5,0
40,2017-05-06 14:13:03,8920,22.520000457763672,1051.5,0
41,2017-05-06 14:13:08,8925,22.520000457763672,1051.5,0
42,2017-05-06 14:13:14,8931,22.520000457763672,1051.5,0
43,2017-05-06 14:13:19,8936,22.52199935913086,1051.5,0
44,2017-05-06 14:13:25,8942,22.520999908447266,1051.5,0
45,2017-05-06 14:13:31,8948,22.52199935913086,1051.5,0
46,2017-05-06 14:13:36,8953,22.52300071716309,1051.5,0
47,2017-05-06 14:13:42,8959,22.520999908447266,1051.5,0
48,2017-05-06 14:13:47,8964,22.52199935913086,1051.5,0
49,2017-05-06 14:13:54,8971,22.52300071716309,1051.5,0
50,2017-05-06 14:13:59,8976,22.524999618530273,1051.5,0
51,2017-05-06 14:14:04,8981,22.524999618530273,1051.5,0
52,2017-05-06 14:14:10,8987,22.52400016784668,1051.5,0
53,2017-05-06 14:14:15,8992,22.52599906921387,1051.5,0
54,2017-05-06 14:14:20,8997,22.52700042724609,1051.5,0
55,2017-05-06 14:14:25,9002,22.52400016784668,1051.5,0
56,2017-05-06 14:14:30,9007,22.52599906921387,1051.5,0
57,2017-05-06 14:14:35,9012,22.52599906921387,1051.5,0
58,2017-05-06 14:14:40,9017,22.52599906921387,1051.5,0
59,2017-05-06 14:14:47,9024,22.52700042724609,1051.5,0
60,2017-05-06 14:14:53,9030,22.52700042724609,1051.5,0
61,2017-05-06 14:14:58,9035,22.52700042724609,1051.5,0
62,2017-05-06 14:15:04,9041,22.52799987792969,1051.5,0
63,2017-05-06 14:15:10,9047,22.52899932861328,1051.5,0
64,2017-05-06 14:15:16,9053,22.52899932861328,1051.5,0
65,2017-05-06 14:15:22,9059,22.52799987792969,1051.5,0
66,2017-05-06 14:15:27,9064,22.52899932861328,1051.5,0
67,2017-05-06 14:15:32,9069,22.53000068664551,1051.5,0
68,2017-05-06 14:15:40,9077,22.52899932861328,1051.5,0
69,2017-05-06 14:15:46,9083,22.53000068664551,1051.5,0
70,2017-05-06 14:15:52,9089,22.53000068664551,1051.5,0
71,2017-05-06 14:15:57,9094,22.53000068664551,1051.5,0
72,2017-05-06 14:16:03,9100,22.52899932861328,1051.5,0
73,2017-05-06 14:16:08,9105,22.5310001373291,1051.5,0
74,2017-05-06 14:16:14,9111,22.5310001373291,1051.5,0
75,2017-05-06 14:16:19,9116,22.53000068664551,1051.5,0
76,2017-05-06 14:16:25,9122,22.53000068664551,1051.5,0
77,2017-05-06 14:16:31,9128,22.53000068664551,1051.5,0
78,2017-05-06 14:16:37,9134,22.53199958801269,1051.5,0
79,2017-05-06 14:16:42,9139,22.5310001373291,1051.5,0
80,2017-05-06 14:16:48,9145,22.53000068664551,1051.5,0
81,2017-05-06 14:16:54,9151,22.5310001373291,1051.5,0
82,2017-05-06 14:17:00,9157,22.53199958801269,1051.5,0
83,2017-05-06 14:17:05,9162,22.53199958801269,1051.5,0
84,2017-05-06 14:17:10,9167,22.5310001373291,1051.5,0
85,2017-05-06 14:17:15,9172,22.53199958801269,1051.5,0
86,2017-05-06 14:17:21,9178,22.533000946044922,1051.5,0
87,2017-05-06 14:17:27,9184,22.53400039672852,1051.5,0
88,2017-05-06 14:17:33,9190,22.533000946044922,1051.5,0
89,2017-05-06 14:17:39,9196,22.533000946044922,1051.5,0
90,2017-05-06 14:17:44,9201,22.533000946044922,1051.5,0
91,2017-05-06 14:17:50,9207,22.53400039672852,1051.5,0
92,2017-05-06 14:17:56,9213,22.53400039672852,1051.5,0
93,2017-05-06 14:18:01,9218,22.53400039672852,1051.5,0
94,2017-05-06 14:18:07,9224,22.533000946044922,1051.5,0
95,2017-05-06 14:18:12,9229,22.53199958801269,1051.5,0
96,2017-05-06 14:18:20,9237,22.533000946044922,1051.5,0
97,2017-05-06 14:18:26,9243,22.53499984741211,1051.5,0
98,2017-05-06 14:18:32,9249,22.53400039672852,1051.5,0
99,2017-05-06 14:18:38,9255,22.535999298095703,1051.5,0
100,2017-05-06 14:18:44,9261,22.535999298095703,1051.5,0
101,2017-05-06 14:18:50,9267,22.535999298095703,1051.5,0
102,2017-05-06 14:18:56,9273,22.53700065612793,1051.5,0
103,2017-05-06 14:19:01,9278,22.538000106811523,1051.5,0
104,2017-05-06 14:19:06,9283,22.538000106811523,1051.5,0
105,2017-05-06 14:19:13,9290,22.538000106811523,1051.5,0
106,2017-05-06 14:19:19,9296,22.538000106811523,1051.5,0
107,2017-05-06 14:19:25,9302,22.540000915527344,1051.5,0
108,2017-05-06 14:19:30,9307,22.538000106811523,1051.5,0
109,2017-05-06 14:19:35,9312,22.53899955749512,1051.5,0
110,2017-05-06 14:19:41,9318,22.541000366210934,1051.5,0
111,2017-05-06 14:19:47,9324,22.540000915527344,1051.5,0
112,2017-05-06 14:19:53,9330,22.540000915527344,1051.5,0
113,2017-05-06 14:19:59,9336,22.540000915527344,1051.5,0
114,2017-05-06 14:20:06,9343,22.540000915527344,1051.5,0
115,2017-05-06 14:20:12,9349,22.541000366210934,1051.5,0
116,2017-05-06 14:20:18,9355,22.540000915527344,1051.5,0
117,2017-05-06 14:20:23,9360,22.540000915527344,1051.5,0
118,2017-05-06 14:20:28,9365,22.541000366210934,1051.5,0
119,2017-05-06 14:20:34,9371,22.541000366210934,1051.5,0
120,2017-05-06 14:20:40,9377,22.54199981689453,1051.5,0
121,2017-05-06 14:20:45,9382,22.542999267578125,1051.5,0
122,2017-05-06 14:20:51,9388,22.54199981689453,1051.5,0
123,2017-05-06 14:20:59,9396,22.541000366210934,1051.5,0
124,2017-05-06 14:21:05,9402,22.541000366210934,1051.5,0
125,2017-05-06 14:21:10,9407,22.542999267578125,1051.5,0
126,2017-05-06 14:21:16,9413,22.542999267578125,1051.5,0
127,2017-05-06 14:21:21,9418,22.545000076293945,1051.5,0
128,2017-05-06 14:21:27,9424,22.54400062561035,1051.5,0
129,2017-05-06 14:21:33,9430,22.542999267578125,1051.5,0
130,2017-05-06 14:21:39,9436,22.54400062561035,1051.5,0
131,2017-05-06 14:21:44,9441,22.545000076293945,1051.5,0
132,2017-05-06 14:21:52,9449,22.54400062561035,1051.5,0
133,2017-05-06 14:21:58,9455,22.54400062561035,1051.5,0
134,2017-05-06 14:22:04,9461,22.545000076293945,1051.5,0
135,2017-05-06 14:22:10,9467,22.545000076293945,1051.5,0
136,2017-05-06 14:22:15,9472,22.54599952697754,1051.5,0
137,2017-05-06 14:22:21,9478,22.54599952697754,1051.5,0
138,2017-05-06 14:22:26,9483,22.54400062561035,1051.5,0
139,2017-05-06 14:22:32,9489,22.545000076293945,1051.5,0
140,2017-05-06 14:22:37,9494,22.545000076293945,1051.5,0
141,2017-05-06 14:22:46,9503,22.54599952697754,1051.5,0
142,2017-05-06 14:22:52,9509,22.54599952697754,1051.5,0
143,2017-05-06 14:22:57,9514,22.54700088500977,1051.5,0
144,2017-05-06 14:23:03,9520,22.54700088500977,1051.5,0
145,2017-05-06 14:23:08,9525,22.54800033569336,1051.5,0
146,2017-05-06 14:23:13,9530,22.548999786376953,1051.5,0
147,2017-05-06 14:23:19,9536,22.548999786376953,1051.5,0
148,2017-05-06 14:23:24,9541,22.548999786376953,1051.5,0
149,2017-05-06 14:23:30,9547,22.548999786376953,1051.5,0
150,2017-05-06 14:23:36,9553,22.548999786376953,1051.5,0
151,2017-05-06 14:23:41,9558,22.54999923706055,1051.5,0
152,2017-05-06 14:23:46,9563,22.54999923706055,1051.5,0
153,2017-05-06 14:23:52,9569,22.55100059509277,1051.5,0
154,2017-05-06 14:23:58,9575,22.54999923706055,1051.5,0
155,2017-05-06 14:24:04,9581,22.55100059509277,1051.5,0
156,2017-05-06 14:24:09,9586,22.55100059509277,1051.5,0
157,2017-05-06 14:24:15,9592,22.55200004577637,1051.5,0
158,2017-05-06 14:24:21,9598,22.55200004577637,1051.5,0
159,2017-05-06 14:24:26,9603,22.55100059509277,1051.5,0
160,2017-05-06 14:24:32,9609,22.55299949645996,1051.5,0
161,2017-05-06 14:24:38,9615,22.55299949645996,1051.5,0
162,2017-05-06 14:24:43,9620,22.55299949645996,1051.5,0
163,2017-05-06 14:24:49,9626,22.55299949645996,1051.5,0
164,2017-05-06 14:24:55,9632,22.55400085449219,1051.5,0
165,2017-05-06 14:25:00,9637,22.55400085449219,1051.5,0
166,2017-05-06 14:25:06,9643,22.55299949645996,1051.5,0
167,2017-05-06 14:25:12,9649,22.55500030517578,1051.5,0
168,2017-05-06 14:25:17,9654,22.55500030517578,1051.5,0
169,2017-05-06 14:25:22,9659,22.55400085449219,1051.5,0
170,2017-05-06 14:25:28,9665,22.55500030517578,1051.5,0
171,2017-05-06 14:25:34,9671,22.55400085449219,1051.5,0
172,2017-05-06 14:25:39,9676,22.55500030517578,1051.5,0
173,2017-05-06 14:25:45,9682,22.55599975585937,1051.5,0
174,2017-05-06 14:25:51,9688,22.55500030517578,1051.5,0
175,2017-05-06 14:25:56,9693,22.55500030517578,1051.5,0
176,2017-05-06 14:26:02,9699,22.55599975585937,1051.5,0
177,2017-05-06 14:26:08,9705,22.55599975585937,1051.5,0
178,2017-05-06 14:26:13,9710,22.55599975585937,1051.5,0
179,2017-05-06 14:26:18,9715,22.55699920654297,1051.5,0
180,2017-05-06 14:26:24,9721,22.55599975585937,1051.5,0
181,2017-05-06 14:26:30,9727,22.55699920654297,1051.5,0
182,2017-05-06 14:26:35,9732,22.55599975585937,1051.5,0
183,2017-05-06 14:26:40,9737,22.55599975585937,1051.5,0
184,2017-05-06 14:26:45,9742,22.55599975585937,1051.5,0
185,2017-05-06 14:26:50,9747,22.55599975585937,1051.5,0
186,2017-05-06 14:26:55,9752,22.55599975585937,1051.5,0
187,2017-05-06 14:27:01,9758,22.55599975585937,1051.5,0
188,2017-05-06 14:27:07,9764,22.55699920654297,1051.5,0
189,2017-05-06 14:27:12,9769,22.55900001525879,1051.5,0
190,2017-05-06 14:27:18,9775,22.55900001525879,1051.5,0
191,2017-05-06 14:27:24,9781,22.558000564575195,1051.5,0
192,2017-05-06 14:27:29,9786,22.559999465942386,1051.5,0
193,2017-05-06 14:27:35,9792,22.55900001525879,1051.5,0
194,2017-05-06 14:27:40,9797,22.558000564575195,1051.5,0
195,2017-05-06 14:27:45,9802,22.55900001525879,1051.5,0
196,2017-05-06 14:27:50,9807,22.559999465942386,1051.5,0
197,2017-05-06 14:27:55,9812,22.559999465942386,1051.5,0
198,2017-05-06 14:28:00,9817,22.559999465942386,1051.5,0
199,2017-05-06 14:28:05,9822,22.56100082397461,1051.5,0
200,2017-05-06 14:28:10,9827,22.56100082397461,1051.5,0
201,2017-05-06 14:28:16,9833,22.559999465942386,1051.5,0
202,2017-05-06 14:28:21,9838,22.559999465942386,1051.5,0
203,2017-05-06 14:28:26,9843,22.562000274658203,1051.5,0
204,2017-05-06 14:28:31,9848,22.562000274658203,1051.5,0
205,2017-05-06 14:28:34,9851,22.562000274658203,1051.5,0
